,Name,Right arm Fast,Right arm Medium,Left arm Fast,Left arm Medium,Right arm off-spinner,Right arm Legbreak,Left arm Orthodox,Left arm Chinaman,Playing Style Score
0,A Balbirnie,"[778, 1066, 26]","[169, 234, 6]","[111, 156, 3]","[3, 5, 0]","[485, 611, 16]","[259, 329, 5]","[286, 351, 7]","[36, 58, 0]",45.9802538787024
1,A Maregwede,"[19, 41, 1]","[0, 0, 0]","[0, 0, 0]","[0, 0, 0]","[11, 9, 0]","[0, 0, 0]","[24, 39, 1]","[0, 0, 0]",48.148148148148145
2,A Saud,"[26, 66, 2]","[0, 0, 0]","[0, 0, 0]","[9, 9, 0]","[3, 9, 1]","[0, 0, 0]","[8, 11, 0]","[0, 0, 0]",43.47826086956522
3,A Sharafu,"[18, 44, 2]","[23, 28, 2]","[0, 0, 0]","[0, 0, 0]","[10, 12, 0]","[9, 3, 0]","[46, 63, 0]","[0, 0, 0]",47.16981132075472
4,A Vala,"[302, 462, 7]","[5, 6, 0]","[8, 13, 0]","[15, 24, 0]","[109, 193, 5]","[33, 47, 0]","[150, 226, 6]","[0, 0, 0]",42.54658385093168
5,Aamir Kaleem,"[4, 4, 1]","[0, 0, 0]","[0, 0, 0]","[0, 0, 0]","[0, 0, 0]","[0, 0, 0]","[10, 8, 1]","[0, 0, 0]",57.14285714285714
6,AB de Villiers,"[3028, 2826, 57]","[526, 539, 8]","[776, 809, 12]","[3, 10, 1]","[1217, 1270, 19]","[602, 642, 12]","[716, 811, 13]","[28, 24, 0]",47.09976798143852
7,Abdul Shakoor,"[1, 4, 1]","[5, 9, 0]","[0, 0, 0]","[0, 0, 0]","[0, 0, 0]","[14, 18, 1]","[10, 12, 0]","[0, 0, 0]",46.666666666666664
8,Abid Ali,"[100, 94, 2]","[14, 19, 0]","[5, 8, 1]","[0, 0, 0]","[23, 34, 0]","[39, 46, 2]","[8, 11, 1]","[0, 0, 0]",44.44444444444444
9,AC Voges,"[234, 265, 6]","[92, 108, 1]","[5, 5, 0]","[12, 7, 1]","[100, 158, 4]","[22, 26, 0]","[109, 157, 1]","[0, 0, 0]",31.010452961672474
10,AD Hales,"[1128, 1298, 39]","[51, 48, 2]","[343, 333, 4]","[0, 0, 0]","[197, 196, 3]","[213, 182, 1]","[187, 215, 6]","[0, 0, 0]",57.763095799905614
11,AD Mathews,"[1830, 2091, 52]","[193, 215, 4]","[664, 705, 29]","[11, 14, 1]","[942, 1229, 14]","[539, 719, 12]","[487, 770, 11]","[82, 114, 2]",41.06992417860152
12,Adnan Akmal,"[14, 33, 1]","[9, 8, 0]","[0, 0, 0]","[0, 0, 0]","[9, 15, 0]","[0, 0, 0]","[0, 0, 0]","[0, 0, 0]",12.5
13,Adnan Mufti,"[143, 178, 5]","[29, 40, 1]","[0, 0, 0]","[0, 0, 0]","[48, 60, 3]","[10, 14, 0]","[65, 82, 2]","[0, 0, 0]",35.932203389830505
14,Afif Hossain,"[113, 113, 4]","[78, 55, 1]","[27, 21, 1]","[0, 0, 0]","[109, 161, 5]","[29, 45, 1]","[25, 40, 1]","[15, 37, 0]",41.91919191919192
15,Afsar Zazai,"[66, 125, 6]","[19, 34, 1]","[26, 40, 0]","[0, 0, 0]","[40, 78, 1]","[0, 0, 0]","[20, 44, 2]","[0, 0, 0]",21.052631578947366
16,Aftab Ahmed,"[382, 470, 21]","[96, 119, 3]","[44, 74, 0]","[5, 4, 0]","[79, 145, 7]","[14, 16, 1]","[48, 68, 3]","[0, 0, 0]",57.48502994011976
17,Agha Salman,"[66, 65, 1]","[21, 8, 0]","[0, 0, 0]","[0, 0, 0]","[0, 0, 0]","[0, 0, 0]","[23, 23, 0]","[0, 0, 0]",49.09090909090909
18,Ahmed Shehzad,"[1162, 1679, 32]","[141, 219, 6]","[285, 386, 8]","[28, 19, 0]","[255, 349, 5]","[123, 156, 4]","[164, 207, 4]","[0, 0, 0]",47.26598702502317
19,AJ Finch,"[2522, 3142, 63]","[98, 106, 4]","[385, 502, 12]","[5, 3, 1]","[462, 460, 10]","[496, 503, 12]","[465, 597, 12]","[172, 187, 3]",53.15960912052117
20,AJ Hall,"[61, 74, 8]","[18, 12, 1]","[3, 5, 0]","[0, 0, 0]","[46, 69, 2]","[9, 14, 1]","[22, 36, 1]","[0, 0, 0]",40.25157232704403
21,AJ Ireland,"[8, 23, 2]","[0, 10, 0]","[0, 0, 0]","[0, 0, 0]","[2, 10, 2]","[0, 0, 0]","[2, 20, 1]","[0, 0, 0]",33.33333333333333
22,AJ Redmond,"[54, 89, 1]","[0, 0, 0]","[30, 65, 1]","[0, 0, 0]","[13, 32, 3]","[26, 31, 0]","[11, 17, 1]","[0, 0, 0]",50.74626865671642
23,AJ Strauss,"[1498, 1951, 39]","[182, 215, 3]","[333, 417, 7]","[46, 82, 4]","[281, 389, 11]","[126, 114, 1]","[231, 242, 6]","[0, 0, 0]",48.05339265850945
24,AJ Turner,"[101, 68, 2]","[0, 0, 0]","[7, 7, 0]","[0, 0, 0]","[0, 0, 0]","[15, 14, 0]","[18, 20, 1]","[35, 28, 1]",56.81818181818182
25,AK Perera,"[22, 30, 1]","[0, 0, 0]","[6, 11, 1]","[0, 0, 0]","[1, 3, 0]","[18, 26, 2]","[4, 8, 0]","[0, 0, 0]",23.52941176470588
26,Alok Kapali,"[159, 237, 10]","[17, 17, 1]","[37, 47, 4]","[0, 0, 0]","[126, 194, 3]","[9, 19, 1]","[64, 97, 2]","[0, 0, 0]",45.63106796116505
27,AM Blignaut,"[48, 57, 5]","[10, 8, 0]","[14, 7, 0]","[0, 0, 0]","[43, 33, 3]","[1, 1, 0]","[14, 17, 0]","[0, 5, 1]",53.84615384615385
28,AM McCarthy,"[2, 10, 0]","[2, 8, 0]","[7, 12, 0]","[0, 0, 0]","[1, 1, 0]","[0, 0, 0]","[3, 10, 2]","[0, 0, 0]",26.666666666666668
29,AM Rahane,"[1629, 2162, 55]","[141, 206, 7]","[201, 270, 7]","[0, 0, 0]","[292, 363, 5]","[199, 233, 1]","[136, 196, 1]","[4, 4, 0]",47.27132974634896
30,Amjad Ali,"[224, 322, 7]","[21, 27, 0]","[22, 34, 1]","[0, 0, 0]","[35, 57, 1]","[0, 2, 2]","[39, 32, 1]","[0, 0, 0]",56.89149560117303
31,AN Cook,"[1448, 2047, 39]","[53, 64, 1]","[288, 368, 5]","[39, 37, 1]","[338, 383, 8]","[117, 113, 1]","[162, 208, 5]","[0, 0, 0]",49.57055214723927
32,AN Petersen,"[197, 240, 7]","[112, 104, 2]","[4, 10, 1]","[0, 0, 0]","[25, 31, 1]","[39, 32, 0]","[26, 78, 2]","[0, 0, 0]",45.16129032258064
33,AP Devcich,"[70, 92, 5]","[0, 0, 0]","[6, 15, 1]","[0, 0, 0]","[28, 36, 3]","[23, 25, 0]","[33, 42, 1]","[0, 0, 0]",52.5
34,AR Adams,"[29, 28, 2]","[2, 11, 1]","[13, 9, 0]","[0, 0, 0]","[1, 4, 0]","[15, 13, 0]","[9, 7, 0]","[0, 0, 0]",69.56521739130434
35,AR Berenger,"[64, 120, 5]","[16, 19, 1]","[9, 15, 0]","[0, 0, 0]","[9, 17, 1]","[1, 3, 0]","[0, 0, 0]","[0, 0, 0]",44.44444444444444
36,AR White,"[49, 59, 2]","[11, 17, 1]","[2, 6, 0]","[0, 0, 0]","[55, 84, 2]","[9, 22, 2]","[18, 54, 3]","[0, 0, 0]",30.555555555555557
37,Asad Shafiq,"[481, 731, 19]","[91, 126, 3]","[88, 196, 9]","[0, 0, 0]","[212, 297, 8]","[46, 61, 2]","[76, 114, 5]","[0, 0, 0]",34.40643863179074
38,Asghar Stanikzai,"[629, 851, 24]","[63, 110, 8]","[94, 138, 4]","[0, 0, 0]","[322, 534, 14]","[151, 211, 8]","[321, 479, 8]","[0, 1, 1]",44.050632911392405
39,Asif Ali,"[214, 145, 6]","[9, 10, 2]","[31, 36, 2]","[0, 0, 0]","[48, 54, 2]","[31, 19, 2]","[5, 5, 0]","[20, 27, 0]",56.424581005586596
40,AT Carey,"[626, 838, 15]","[69, 77, 0]","[155, 169, 4]","[0, 0, 0]","[155, 150, 2]","[237, 214, 8]","[94, 127, 4]","[90, 80, 5]",40.813464235624124
41,AT Rayudu,"[636, 794, 18]","[211, 289, 1]","[39, 61, 0]","[0, 0, 0]","[237, 308, 6]","[160, 197, 1]","[137, 172, 3]","[0, 0, 0]",45.49295774647887
42,Azhar Ali,"[911, 1266, 24]","[82, 96, 1]","[145, 244, 5]","[0, 0, 0]","[119, 149, 2]","[111, 127, 2]","[137, 181, 5]","[0, 0, 0]",43.32225913621263
43,B Bhandari,"[46, 76, 1]","[8, 18, 0]","[10, 20, 0]","[0, 0, 0]","[12, 21, 1]","[6, 9, 0]","[46, 76, 3]","[0, 0, 0]",39.0625
44,B Sharki,"[0, 0, 0]","[4, 6, 0]","[0, 0, 0]","[0, 0, 0]","[1, 4, 0]","[9, 3, 1]","[0, 0, 0]","[0, 0, 0]",42.857142857142854
45,BA King,"[94, 150, 3]","[34, 26, 1]","[11, 25, 1]","[0, 0, 0]","[50, 96, 4]","[20, 29, 4]","[34, 42, 4]","[0, 0, 0]",50.20576131687243
46,BA Stokes,"[1146, 1242, 31]","[125, 163, 0]","[343, 376, 14]","[0, 0, 0]","[405, 470, 10]","[239, 224, 5]","[316, 297, 6]","[47, 59, 1]",50.667684090041966
47,Babar Azam,"[1649, 1984, 34]","[369, 372, 7]","[361, 393, 6]","[0, 0, 0]","[442, 562, 6]","[545, 606, 5]","[365, 450, 2]","[56, 70, 2]",42.30261420649591
48,Basil Hameed,"[91, 131, 4]","[16, 28, 1]","[0, 0, 0]","[13, 13, 0]","[29, 52, 3]","[4, 19, 1]","[150, 164, 3]","[0, 0, 0]",44.884488448844884
49,Bazid Khan,"[56, 91, 3]","[8, 9, 0]","[3, 13, 0]","[0, 0, 0]","[24, 36, 0]","[0, 0, 0]","[7, 37, 2]","[0, 0, 0]",26.53061224489796
50,BB McCullum,"[2298, 2143, 76]","[175, 145, 1]","[530, 535, 15]","[7, 5, 0]","[320, 438, 16]","[107, 137, 4]","[286, 319, 8]","[0, 0, 0]",61.67069567553048
51,BC Lara,"[478, 686, 14]","[103, 178, 2]","[26, 67, 2]","[9, 11, 1]","[321, 364, 7]","[70, 63, 0]","[165, 151, 3]","[0, 0, 0]",49.658703071672356
52,Bilal Asif,"[7, 16, 1]","[13, 9, 0]","[2, 8, 1]","[0, 0, 0]","[17, 15, 1]","[0, 0, 0]","[0, 0, 0]","[0, 0, 0]",76.92307692307693
53,BJ Haddin,"[1249, 1466, 47]","[172, 181, 3]","[148, 168, 5]","[7, 14, 0]","[286, 407, 10]","[45, 77, 1]","[280, 400, 11]","[0, 0, 0]",50.20576131687243
54,BJ Hodge,"[117, 127, 7]","[32, 50, 1]","[1, 6, 0]","[15, 9, 0]","[63, 63, 3]","[0, 0, 0]","[59, 90, 3]","[0, 0, 0]",48.78048780487805
55,BJ Watling,"[317, 435, 11]","[13, 33, 0]","[28, 75, 2]","[0, 0, 0]","[84, 117, 2]","[8, 12, 1]","[30, 74, 3]","[0, 0, 0]",44.583333333333336
56,BKG Mendis,"[836, 1167, 38]","[117, 144, 4]","[248, 304, 5]","[0, 0, 0]","[469, 445, 9]","[218, 307, 13]","[241, 279, 7]","[28, 17, 1]",48.67872044506258
57,BM Duckett,"[31, 67, 3]","[0, 0, 0]","[8, 7, 0]","[0, 0, 0]","[34, 42, 0]","[0, 0, 0]","[30, 36, 2]","[0, 0, 0]",34.95145631067961
58,BOP Fernando,"[88, 127, 2]","[17, 19, 0]","[13, 24, 0]","[0, 0, 0]","[0, 0, 0]","[6, 21, 2]","[0, 8, 2]","[0, 2, 1]",53.2258064516129
59,BR McDermott,"[51, 80, 1]","[0, 0, 0]","[20, 41, 1]","[0, 0, 0]","[37, 27, 0]","[0, 0, 0]","[11, 16, 0]","[0, 0, 0]",45.378151260504204
60,BRM Taylor,"[1493, 2246, 55]","[215, 277, 3]","[357, 571, 14]","[35, 33, 0]","[980, 1066, 22]","[268, 289, 4]","[773, 1113, 31]","[13, 12, 0]",45.08950169327528
61,BT Foakes,"[31, 47, 0]","[0, 0, 0]","[19, 11, 0]","[0, 0, 0]","[0, 0, 0]","[0, 0, 0]","[11, 20, 0]","[0, 0, 0]",29.508196721311474
62,C de Grandhomme,"[290, 304, 12]","[31, 19, 0]","[149, 118, 3]","[0, 0, 0]","[46, 46, 1]","[138, 133, 6]","[42, 39, 0]","[5, 11, 1]",55.92011412268189
63,C Hemraj,"[66, 75, 3]","[0, 0, 0]","[1, 6, 0]","[0, 0, 0]","[8, 12, 2]","[0, 0, 0]","[3, 5, 0]","[4, 3, 1]",78.04878048780488
64,C Jonker,"[16, 22, 0]","[0, 0, 0]","[0, 0, 0]","[0, 0, 0]","[0, 0, 0]","[15, 12, 2]","[0, 0, 0]","[0, 0, 0]",83.87096774193549
65,C Munro,"[664, 662, 25]","[38, 33, 1]","[217, 203, 12]","[0, 0, 0]","[97, 103, 1]","[63, 75, 6]","[82, 68, 2]","[0, 0, 0]",60.12058570198106
66,C Zhuwao,"[56, 47, 3]","[0, 0, 0]","[10, 14, 1]","[0, 0, 0]","[26, 15, 1]","[0, 0, 0]","[16, 7, 0]","[0, 0, 0]",79.62962962962963
67,CA Lynn,"[65, 73, 3]","[1, 3, 1]","[4, 5, 0]","[0, 0, 0]","[0, 0, 0]","[5, 11, 0]","[0, 0, 0]","[0, 0, 0]",56.00000000000001
68,CA Pujara,"[40, 109, 3]","[0, 0, 0]","[0, 0, 0]","[0, 0, 0]","[0, 0, 0]","[0, 0, 0]","[4, 17, 2]","[0, 0, 0]",27.27272727272727
69,CD McMillan,"[250, 350, 9]","[37, 35, 1]","[33, 49, 0]","[0, 0, 0]","[28, 57, 2]","[26, 24, 1]","[63, 57, 2]","[0, 0, 0]",51.7162471395881
70,CH Gayle,"[2655, 3034, 100]","[339, 417, 8]","[383, 549, 20]","[65, 77, 0]","[693, 816, 15]","[256, 211, 4]","[197, 188, 1]","[0, 5, 1]",65.73670444638186
71,CJ Anderson,"[488, 463, 18]","[16, 14, 1]","[58, 79, 3]","[0, 0, 0]","[163, 117, 6]","[44, 60, 1]","[84, 69, 2]","[0, 0, 0]",62.36811254396248
72,CJ Chibhabha,"[906, 1388, 34]","[142, 203, 2]","[232, 389, 8]","[0, 0, 0]","[195, 320, 10]","[132, 179, 7]","[135, 246, 14]","[0, 0, 0]",47.41676234213548
73,CJ Ferguson,"[249, 273, 9]","[40, 51, 0]","[25, 23, 0]","[0, 0, 0]","[144, 221, 1]","[35, 49, 1]","[75, 92, 4]","[0, 0, 0]",37.32394366197183
74,CJA Amini,"[155, 236, 7]","[14, 12, 0]","[24, 20, 0]","[12, 28, 2]","[96, 159, 5]","[44, 70, 4]","[95, 150, 2]","[0, 0, 0]",36.68903803131991
75,CK Coventry,"[112, 147, 6]","[31, 43, 0]","[58, 63, 1]","[0, 0, 0]","[69, 65, 1]","[13, 11, 0]","[200, 229, 4]","[0, 0, 0]",54.24430641821946
76,CK Kapugedera,"[403, 573, 25]","[75, 130, 1]","[93, 161, 3]","[0, 0, 0]","[228, 279, 4]","[95, 140, 4]","[255, 395, 14]","[0, 0, 0]",36.37946040034813
77,CL Cairns,"[181, 181, 2]","[53, 57, 2]","[22, 36, 1]","[0, 0, 0]","[65, 98, 4]","[76, 71, 1]","[52, 85, 1]","[0, 0, 0]",50.779510022271715
78,CL White,"[703, 819, 26]","[180, 285, 3]","[108, 110, 2]","[63, 67, 1]","[229, 335, 7]","[103, 106, 1]","[241, 371, 4]","[0, 0, 0]",41.79471419791027
79,CM McBride,"[21, 34, 0]","[33, 42, 0]","[0, 0, 0]","[23, 28, 0]","[0, 0, 0]","[10, 12, 1]","[18, 22, 1]","[0, 0, 0]",64.76190476190476
80,CMW Read,"[89, 103, 5]","[0, 0, 0]","[0, 1, 0]","[0, 0, 0]","[23, 57, 3]","[11, 11, 0]","[0, 0, 0]","[0, 0, 0]",40.65040650406504
81,CR Ervine,"[704, 1087, 21]","[190, 214, 4]","[113, 175, 4]","[0, 0, 0]","[554, 775, 21]","[218, 256, 5]","[297, 390, 9]","[0, 0, 0]",43.73795761078998
82,CS Baugh,"[140, 165, 6]","[14, 11, 0]","[5, 15, 0]","[0, 0, 0]","[62, 106, 3]","[25, 41, 2]","[9, 7, 0]","[0, 0, 0]",40.0
83,CS MacLeod,"[613, 747, 20]","[167, 253, 11]","[17, 17, 2]","[0, 0, 0]","[183, 261, 5]","[216, 170, 1]","[289, 396, 6]","[0, 0, 0]",48.484848484848484
84,D Cleaver,"[0, 0, 0]","[0, 0, 0]","[0, 0, 0]","[0, 0, 0]","[8, 10, 1]","[0, 0, 0]","[24, 27, 0]","[0, 0, 0]",37.5
85,D Elgar,"[21, 53, 4]","[0, 0, 0]","[0, 0, 0]","[0, 0, 0]","[11, 14, 1]","[0, 0, 0]","[0, 0, 0]","[0, 0, 0]",37.5
86,D Ganga,"[63, 142, 1]","[25, 51, 3]","[0, 0, 0]","[25, 47, 0]","[6, 13, 1]","[0, 0, 0]","[11, 13, 1]","[0, 0, 0]",40.0
87,D Khanal,"[55, 72, 3]","[8, 19, 1]","[0, 0, 0]","[0, 0, 0]","[20, 8, 0]","[31, 40, 1]","[13, 26, 0]","[0, 0, 0]",36.22047244094488
88,D Lakshan,"[1, 4, 1]","[0, 0, 0]","[0, 0, 0]","[0, 0, 0]","[1, 5, 0]","[0, 0, 0]","[0, 0, 0]","[0, 0, 0]",0.0
89,D Mongia,"[61, 142, 2]","[2, 2, 0]","[12, 11, 0]","[14, 8, 1]","[11, 8, 1]","[0, 0, 0]","[26, 41, 2]","[0, 0, 0]",36.507936507936506
90,D Murphy,"[0, 0, 0]","[3, 9, 0]","[0, 1, 1]","[0, 0, 0]","[4, 10, 0]","[0, 0, 0]","[0, 4, 1]","[0, 0, 0]",0.0
91,D Ramdin,"[667, 814, 34]","[81, 84, 4]","[167, 213, 8]","[10, 10, 0]","[374, 454, 7]","[131, 189, 6]","[226, 306, 12]","[2, 7, 1]",41.01326899879373
92,D Wiese,"[23, 37, 1]","[0, 0, 0]","[11, 21, 1]","[0, 0, 0]","[22, 21, 1]","[30, 24, 1]","[0, 0, 0]","[0, 0, 0]",53.48837209302325
93,DA Gunawardene,"[106, 222, 9]","[4, 11, 0]","[5, 17, 1]","[0, 0, 0]","[5, 4, 0]","[0, 0, 0]","[25, 38, 0]","[0, 0, 0]",38.62068965517241
94,DA Miller,"[1313, 1203, 27]","[233, 212, 3]","[482, 509, 14]","[6, 7, 0]","[639, 694, 15]","[331, 346, 9]","[136, 167, 2]","[51, 65, 2]",46.44312127859605
95,DA Warner,"[2954, 3050, 70]","[191, 179, 2]","[647, 721, 18]","[0, 0, 0]","[553, 710, 16]","[327, 313, 6]","[483, 517, 6]","[75, 82, 1]",52.122370936902485
96,DAS Gunaratne,"[202, 234, 10]","[58, 58, 1]","[70, 86, 0]","[0, 0, 0]","[78, 85, 1]","[65, 125, 4]","[32, 56, 2]","[11, 24, 0]",42.63565891472868
97,DC Thomas,"[79, 77, 5]","[1, 4, 0]","[24, 44, 3]","[0, 0, 0]","[34, 66, 4]","[5, 16, 2]","[43, 70, 3]","[0, 0, 0]",41.935483870967744
98,DE Bernard,"[23, 26, 1]","[10, 16, 0]","[7, 21, 2]","[0, 0, 0]","[38, 50, 2]","[4, 11, 1]","[29, 50, 1]","[0, 0, 0]",32.432432432432435
99,DE Budge,"[25, 36, 2]","[28, 23, 1]","[0, 0, 0]","[0, 0, 0]","[23, 36, 0]","[15, 13, 0]","[27, 53, 1]","[0, 0, 0]",32.20338983050847
100,DG Brownlie,"[165, 207, 5]","[18, 37, 1]","[39, 49, 1]","[0, 0, 0]","[4, 19, 1]","[43, 67, 4]","[25, 25, 1]","[3, 3, 0]",53.198653198653204
101,DI Joyce,"[20, 38, 2]","[0, 0, 0]","[9, 18, 0]","[0, 0, 0]","[0, 0, 0]","[0, 0, 0]","[0, 0, 0]","[0, 0, 0]",55.172413793103445
102,DJ Bravo,"[960, 1128, 38]","[67, 93, 4]","[236, 286, 11]","[12, 14, 0]","[473, 636, 11]","[56, 94, 4]","[92, 130, 4]","[0, 0, 0]",42.405063291139236
103,DJ Malan,"[200, 228, 7]","[4, 6, 0]","[63, 93, 3]","[0, 0, 0]","[0, 0, 0]","[46, 42, 1]","[42, 40, 0]","[31, 30, 0]",50.259067357512954
104,DJ Mitchell,"[105, 122, 5]","[10, 28, 0]","[38, 28, 0]","[0, 0, 0]","[76, 84, 3]","[114, 126, 2]","[65, 86, 2]","[8, 14, 1]",42.78846153846153
105,DJG Sammy,"[706, 667, 31]","[38, 25, 1]","[219, 216, 9]","[0, 0, 0]","[223, 308, 9]","[69, 84, 1]","[150, 222, 9]","[0, 0, 0]",57.36654804270462
106,DJM Short,"[43, 57, 1]","[40, 35, 0]","[29, 29, 1]","[0, 0, 0]","[15, 21, 1]","[10, 16, 1]","[28, 51, 0]","[18, 28, 2]",36.0655737704918
107,DM Bravo,"[968, 1379, 26]","[87, 91, 0]","[298, 439, 15]","[0, 0, 0]","[519, 908, 19]","[218, 301, 6]","[285, 429, 7]","[3, 8, 0]",46.67788057190917
108,DM de Silva,"[488, 624, 20]","[100, 94, 5]","[198, 257, 8]","[0, 0, 0]","[112, 155, 3]","[132, 227, 5]","[111, 183, 7]","[90, 111, 1]",45.81640942323315
109,DP Conway,"[206, 281, 8]","[40, 45, 3]","[84, 89, 1]","[0, 0, 0]","[157, 208, 1]","[87, 87, 2]","[40, 53, 1]","[26, 17, 0]",53.43750000000001
110,DR Smith,"[508, 613, 34]","[72, 57, 1]","[72, 90, 1]","[3, 3, 0]","[160, 157, 6]","[39, 65, 4]","[74, 127, 10]","[0, 0, 0]",59.91379310344828
111,DS Lehmann,"[134, 168, 3]","[22, 38, 0]","[6, 8, 0]","[0, 0, 0]","[58, 81, 0]","[14, 29, 2]","[32, 59, 2]","[0, 0, 0]",22.55639097744361
112,DS Weerakkody,"[29, 27, 0]","[0, 0, 0]","[15, 12, 2]","[0, 0, 0]","[0, 0, 0]","[13, 13, 1]","[0, 0, 0]","[16, 15, 0]",57.534246575342465
113,E Lewis,"[689, 852, 16]","[89, 102, 4]","[102, 166, 7]","[0, 0, 0]","[375, 521, 7]","[129, 140, 5]","[132, 156, 5]","[34, 48, 3]",55.74193548387096
114,EC Joyce,"[209, 322, 7]","[0, 0, 0]","[34, 43, 1]","[32, 47, 2]","[21, 40, 1]","[0, 0, 0]","[16, 38, 2]","[0, 0, 0]",47.43589743589743
115,EJG Morgan,"[2226, 2534, 56]","[228, 194, 4]","[696, 824, 24]","[17, 19, 0]","[1216, 1318, 22]","[420, 405, 10]","[559, 576, 10]","[48, 61, 2]",51.82994454713493
116,EMDY Munaweera,"[15, 29, 2]","[0, 0, 0]","[0, 0, 0]","[0, 0, 0]","[0, 0, 0]","[0, 0, 0]","[0, 0, 0]","[0, 0, 0]",53.333333333333336
117,F Behardien,"[475, 461, 13]","[24, 20, 1]","[147, 127, 5]","[14, 12, 1]","[114, 172, 6]","[113, 142, 3]","[35, 49, 1]","[0, 0, 0]",41.64859002169197
118,F du Plessis,"[1810, 2011, 53]","[253, 270, 5]","[737, 771, 14]","[32, 29, 1]","[809, 1016, 14]","[396, 433, 7]","[484, 649, 5]","[24, 33, 0]",43.43234323432343
119,FA Allen,"[105, 88, 6]","[0, 0, 0]","[31, 30, 1]","[0, 0, 0]","[1, 4, 1]","[11, 17, 1]","[16, 24, 2]","[3, 4, 2]",57.48502994011976
120,Faisal Iqbal,"[34, 65, 4]","[14, 31, 0]","[6, 12, 0]","[0, 0, 0]","[4, 20, 1]","[7, 22, 0]","[9, 15, 0]","[8, 11, 0]",34.146341463414636
121,Fakhar Zaman,"[1117, 1286, 24]","[218, 225, 5]","[183, 173, 4]","[0, 0, 0]","[134, 138, 6]","[197, 232, 6]","[265, 258, 2]","[74, 48, 2]",57.678244972577694
122,Fayyaz Ahmed,"[22, 56, 0]","[0, 0, 0]","[0, 1, 1]","[0, 0, 0]","[0, 0, 0]","[9, 12, 0]","[6, 11, 0]","[0, 0, 0]",54.054054054054056
123,FDM Karunaratne,"[308, 468, 17]","[14, 18, 1]","[118, 152, 2]","[0, 0, 0]","[119, 156, 5]","[0, 0, 0]","[56, 73, 1]","[0, 0, 0]",38.3739837398374
124,FH Allen,"[250, 271, 10]","[35, 52, 0]","[51, 44, 1]","[0, 0, 0]","[32, 36, 0]","[25, 29, 0]","[32, 42, 2]","[5, 4, 0]",67.90697674418604
125,FRJ Coleman,"[84, 110, 5]","[11, 6, 0]","[0, 8, 1]","[0, 0, 0]","[12, 19, 0]","[19, 26, 0]","[0, 0, 0]","[0, 0, 0]",42.857142857142854
126,FY Fazal,"[28, 33, 0]","[17, 20, 0]","[0, 0, 0]","[0, 0, 0]","[0, 0, 0]","[10, 12, 0]","[0, 0, 0]","[0, 0, 0]",61.81818181818181
127,G Chapple,"[0, 0, 0]","[2, 2, 0]","[0, 0, 0]","[0, 0, 0]","[0, 0, 0]","[0, 0, 0]","[0, 0, 0]","[0, 0, 0]",0.0
128,G Gambhir,"[1981, 2386, 54]","[114, 113, 5]","[305, 390, 12]","[14, 10, 0]","[431, 500, 11]","[61, 83, 1]","[346, 390, 2]","[0, 0, 0]",46.678966789667896
129,G Malla,"[88, 176, 5]","[15, 32, 1]","[9, 20, 0]","[34, 46, 1]","[56, 68, 1]","[12, 15, 1]","[52, 72, 3]","[0, 0, 0]",47.368421052631575
130,GA Manou,"[5, 4, 0]","[0, 0, 0]","[2, 2, 0]","[0, 0, 0]","[0, 0, 0]","[0, 0, 0]","[0, 0, 0]","[0, 0, 0]",0.0
131,GC Smith,"[1950, 2375, 43]","[411, 446, 9]","[344, 490, 12]","[49, 76, 2]","[359, 484, 21]","[103, 147, 1]","[243, 355, 4]","[0, 0, 0]",49.32061289389998
132,GC Wilson,"[356, 527, 21]","[122, 163, 5]","[19, 46, 3]","[5, 11, 0]","[262, 356, 7]","[180, 314, 11]","[205, 275, 6]","[0, 0, 0]",35.33507397737163
133,GD Drummond,"[19, 17, 1]","[0, 0, 0]","[29, 13, 0]","[0, 0, 0]","[18, 18, 0]","[1, 4, 0]","[0, 0, 0]","[0, 0, 0]",53.73134328358209
134,GD Phillips,"[96, 122, 3]","[25, 22, 1]","[39, 32, 2]","[0, 0, 0]","[46, 60, 3]","[40, 36, 0]","[22, 30, 2]","[15, 22, 0]",54.416961130742045
135,GF Linde,"[9, 6, 0]","[0, 0, 0]","[0, 0, 0]","[0, 0, 0]","[12, 19, 0]","[6, 6, 1]","[0, 0, 0]","[0, 0, 0]",44.44444444444444
136,GH Worker,"[170, 216, 3]","[0, 0, 0]","[26, 44, 3]","[0, 0, 0]","[25, 43, 2]","[10, 11, 0]","[13, 26, 0]","[0, 0, 0]",41.80327868852459
137,Ghulam Shabber,"[243, 391, 8]","[40, 45, 1]","[0, 3, 0]","[0, 0, 0]","[47, 99, 5]","[26, 32, 2]","[23, 31, 2]","[0, 0, 0]",40.105540897097626
138,GJ Bailey,"[1224, 1446, 37]","[116, 135, 5]","[118, 126, 2]","[0, 0, 0]","[413, 551, 10]","[232, 319, 4]","[348, 464, 7]","[0, 0, 0]",41.615667074663406
139,GJ Delany,"[54, 63, 2]","[9, 11, 0]","[31, 53, 4]","[0, 0, 0]","[22, 24, 0]","[7, 8, 1]","[15, 11, 2]","[0, 0, 0]",50.72463768115942
140,GJ Hopkins,"[34, 57, 6]","[4, 8, 0]","[69, 68, 2]","[0, 0, 0]","[43, 55, 3]","[0, 0, 0]","[7, 9, 0]","[0, 0, 0]",33.12101910828025
141,GJ Maxwell,"[1270, 1085, 46]","[42, 50, 4]","[361, 291, 14]","[0, 0, 0]","[478, 387, 14]","[397, 319, 8]","[380, 314, 6]","[95, 69, 3]",59.67581872312273
142,GM Strydom,"[21, 48, 2]","[1, 3, 0]","[0, 0, 0]","[0, 0, 0]","[11, 15, 0]","[0, 0, 0]","[3, 21, 1]","[21, 21, 0]",56.14035087719298
143,GS Ballance,"[119, 199, 9]","[0, 0, 0]","[31, 43, 1]","[0, 0, 0]","[35, 59, 1]","[0, 0, 0]","[0, 0, 0]","[0, 0, 0]",32.432432432432435
144,GSNFG Jayasuriya,"[38, 48, 4]","[5, 9, 0]","[35, 45, 1]","[0, 0, 0]","[35, 70, 2]","[44, 45, 1]","[30, 43, 0]","[4, 6, 0]",33.50785340314136
145,Gurkeerat Singh,"[4, 5, 0]","[0, 0, 0]","[5, 3, 1]","[0, 0, 0]","[4, 5, 1]","[0, 0, 0]","[0, 0, 0]","[0, 0, 0]",61.53846153846154
146,H Davids,"[3, 11, 1]","[0, 0, 0]","[0, 0, 0]","[0, 0, 0]","[1, 8, 1]","[0, 0, 0]","[0, 0, 0]","[0, 0, 0]",0.0
147,H Klaasen,"[329, 392, 8]","[2, 6, 2]","[98, 97, 3]","[0, 0, 0]","[83, 62, 4]","[208, 204, 4]","[79, 68, 3]","[77, 62, 2]",49.08675799086758
148,H Masakadza,"[1587, 2352, 63]","[202, 237, 5]","[360, 560, 15]","[0, 0, 0]","[530, 701, 16]","[392, 414, 13]","[561, 800, 18]","[2, 2, 0]",52.00880572372042
149,Habibul Bashar,"[140, 303, 11]","[74, 84, 4]","[19, 36, 1]","[0, 0, 0]","[143, 269, 1]","[23, 42, 1]","[48, 94, 3]","[0, 0, 0]",38.92617449664429
150,Haider Ali,"[1, 4, 0]","[0, 0, 0]","[0, 0, 0]","[0, 0, 0]","[0, 0, 0]","[0, 0, 0]","[17, 11, 0]","[0, 0, 0]",55.55555555555556
151,Hammad Azam,"[34, 54, 0]","[1, 4, 0]","[0, 0, 0]","[0, 0, 0]","[10, 15, 0]","[4, 8, 1]","[5, 16, 1]","[0, 0, 0]",44.44444444444444
152,Hannan Sarkar,"[101, 196, 5]","[12, 25, 0]","[9, 12, 1]","[0, 0, 0]","[5, 9, 1]","[0, 0, 0]","[0, 0, 0]","[0, 0, 0]",42.51968503937008
153,Haris Sohail,"[601, 711, 15]","[152, 141, 0]","[106, 110, 4]","[0, 0, 0]","[271, 393, 5]","[150, 177, 1]","[209, 260, 3]","[0, 0, 0]",42.04163868368032
154,Hashmatullah Shahidi,"[462, 729, 17]","[88, 171, 4]","[83, 111, 2]","[0, 0, 0]","[415, 633, 9]","[79, 118, 3]","[152, 231, 4]","[14, 24, 1]",38.669760247486465
155,Hazratullah,"[222, 215, 10]","[0, 1, 1]","[22, 45, 1]","[0, 0, 0]","[80, 123, 3]","[0, 0, 0]","[18, 6, 0]","[0, 0, 0]",69.5906432748538
156,HC Brook,"[7, 13, 2]","[0, 0, 0]","[12, 15, 0]","[0, 0, 0]","[0, 0, 0]","[0, 0, 0]","[19, 13, 0]","[0, 0, 0]",68.42105263157895
157,HD Rutherford,"[14, 53, 3]","[0, 0, 0]","[0, 0, 0]","[0, 0, 0]","[1, 3, 1]","[0, 0, 0]","[0, 0, 0]","[0, 0, 0]",53.333333333333336
158,HDRL Thirimanne,"[1187, 1609, 35]","[51, 94, 2]","[311, 436, 13]","[3, 13, 0]","[546, 838, 17]","[231, 304, 4]","[244, 306, 6]","[46, 56, 1]",37.6479572355861
159,HE van der Dussen,"[456, 477, 9]","[27, 34, 1]","[238, 305, 4]","[0, 0, 0]","[394, 420, 4]","[272, 303, 6]","[134, 168, 0]","[7, 7, 0]",38.7434554973822
160,HH Dippenaar,"[425, 639, 7]","[50, 102, 2]","[64, 100, 2]","[0, 0, 0]","[133, 187, 4]","[20, 36, 0]","[32, 52, 1]","[0, 0, 0]",32.87292817679558
161,HH Gibbs,"[1237, 1416, 46]","[254, 337, 1]","[193, 242, 3]","[8, 12, 0]","[253, 286, 4]","[86, 100, 3]","[210, 265, 6]","[0, 0, 0]",57.47434181169121
162,HH Pandya,"[657, 647, 23]","[129, 125, 3]","[142, 135, 7]","[0, 0, 0]","[145, 103, 2]","[220, 161, 3]","[116, 114, 5]","[0, 0, 0]",52.94535131298793
163,HJH Marshall,"[173, 247, 9]","[50, 87, 2]","[15, 34, 1]","[0, 0, 0]","[45, 58, 1]","[29, 26, 0]","[78, 84, 0]","[0, 0, 0]",33.84615384615385
164,HM Amla,"[2989, 3565, 68]","[471, 468, 7]","[788, 937, 13]","[0, 0, 0]","[860, 956, 21]","[484, 540, 6]","[472, 597, 11]","[20, 28, 1]",44.74030243261012
165,HM Nicholls,"[727, 877, 25]","[43, 47, 1]","[144, 192, 6]","[0, 0, 0]","[205, 243, 5]","[156, 209, 4]","[86, 128, 1]","[37, 45, 3]",43.204577968526465
166,HP Rinke,"[23, 50, 5]","[1, 3, 0]","[0, 2, 1]","[0, 0, 0]","[3, 2, 0]","[0, 0, 0]","[1, 7, 1]","[0, 0, 0]",42.857142857142854
167,Hussain Talat,"[0, 6, 0]","[0, 0, 0]","[0, 0, 0]","[0, 0, 0]","[0, 0, 0]","[0, 0, 0]","[0, 0, 0]","[1, 4, 1]",0.0
168,HWR Cartwright,"[2, 23, 2]","[0, 0, 0]","[0, 0, 0]","[0, 0, 0]","[0, 0, 0]","[0, 0, 0]","[0, 0, 0]","[0, 0, 0]",0.0
169,I Kaia,"[112, 171, 3]","[23, 45, 3]","[85, 146, 3]","[0, 0, 0]","[103, 135, 4]","[14, 19, 0]","[2, 7, 1]","[0, 0, 0]",43.657817109144545
170,Ibrahim Zadran,"[214, 274, 4]","[8, 9, 0]","[3, 11, 1]","[0, 0, 0]","[100, 107, 2]","[42, 38, 0]","[12, 13, 0]","[0, 0, 0]",48.02110817941953
171,ID Blackwell,"[22, 40, 5]","[0, 0, 0]","[5, 3, 1]","[4, 10, 1]","[34, 49, 1]","[7, 13, 1]","[8, 11, 0]","[0, 0, 0]",57.49999999999999
172,Iftikhar Ahmed,"[41, 34, 4]","[1, 1, 0]","[21, 34, 0]","[0, 0, 0]","[13, 25, 1]","[2, 5, 0]","[27, 35, 1]","[0, 0, 0]",49.523809523809526
173,Iftikhar Anjum,"[92, 139, 9]","[31, 16, 1]","[10, 9, 0]","[0, 0, 0]","[20, 48, 3]","[3, 4, 0]","[3, 11, 0]","[0, 0, 0]",36.477987421383645
174,IJL Trott,"[897, 1255, 13]","[75, 92, 2]","[218, 315, 5]","[89, 65, 0]","[319, 459, 7]","[53, 83, 4]","[335, 439, 6]","[0, 0, 0]",34.13897280966767
175,Imam-ul-Haq,"[959, 1259, 17]","[222, 253, 5]","[219, 307, 3]","[0, 0, 0]","[248, 344, 7]","[169, 207, 5]","[166, 199, 6]","[47, 47, 1]",38.22660098522167
176,Imran Farhat,"[548, 883, 21]","[81, 98, 2]","[83, 163, 3]","[3, 13, 0]","[128, 149, 4]","[33, 41, 1]","[73, 96, 3]","[0, 0, 0]",51.84404636459431
177,Imran Nazir,"[294, 332, 12]","[50, 32, 1]","[22, 23, 1]","[0, 0, 0]","[28, 21, 0]","[0, 0, 0]","[0, 0, 0]","[0, 0, 0]",72.58883248730965
178,Imrul Kayes,"[896, 1263, 24]","[209, 287, 6]","[73, 106, 5]","[11, 17, 0]","[249, 435, 10]","[171, 211, 6]","[131, 216, 6]","[0, 0, 0]",49.08045977011494
179,Inzamam-ul-Haq,"[492, 643, 16]","[118, 159, 4]","[68, 117, 2]","[0, 0, 0]","[267, 299, 6]","[23, 30, 0]","[243, 270, 3]","[0, 0, 0]",47.233691164327
180,IR Bell,"[2196, 2983, 59]","[166, 214, 3]","[498, 608, 9]","[78, 91, 3]","[477, 630, 10]","[203, 220, 4]","[339, 456, 8]","[0, 0, 0]",44.831943391458175
181,Ishan Kishan,"[111, 126, 4]","[53, 34, 1]","[30, 33, 0]","[0, 0, 0]","[123, 81, 0]","[4, 4, 0]","[85, 90, 2]","[1, 1, 0]",68.3046683046683
182,J Blackwood,"[15, 25, 1]","[0, 0, 0]","[2, 6, 0]","[0, 0, 0]","[0, 0, 0]","[0, 0, 0]","[0, 0, 0]","[0, 0, 0]",47.05882352941176
183,J Charles,"[515, 623, 16]","[82, 62, 1]","[141, 207, 8]","[0, 0, 0]","[140, 157, 0]","[28, 47, 3]","[52, 59, 3]","[4, 9, 1]",60.4989604989605
184,J Louw,"[0, 0, 0]","[0, 0, 0]","[0, 1, 1]","[0, 0, 0]","[0, 0, 0]","[0, 0, 0]","[16, 4, 0]","[0, 0, 0]",100.0
185,J Mubarak,"[195, 277, 6]","[7, 8, 0]","[23, 35, 3]","[7, 8, 0]","[64, 132, 6]","[4, 9, 0]","[95, 110, 0]","[0, 0, 0]",37.9746835443038
186,JA Burns,"[86, 119, 2]","[44, 38, 1]","[1, 15, 2]","[0, 0, 0]","[8, 10, 0]","[7, 7, 1]","[0, 0, 0]","[0, 0, 0]",47.94520547945205
187,JA Morkel,"[200, 189, 6]","[88, 83, 4]","[47, 39, 4]","[0, 0, 0]","[91, 125, 4]","[21, 20, 1]","[33, 47, 0]","[0, 0, 0]",54.58333333333333
188,JA Rudolph,"[189, 286, 3]","[58, 79, 1]","[21, 35, 0]","[0, 0, 0]","[96, 180, 4]","[16, 19, 1]","[33, 39, 0]","[0, 0, 0]",37.28813559322034
189,JA Simpson,"[1, 3, 1]","[0, 0, 0]","[6, 6, 0]","[0, 0, 0]","[0, 0, 0]","[12, 16, 1]","[0, 0, 0]","[0, 0, 0]",42.10526315789473
190,JAH Marshall,"[5, 17, 1]","[0, 0, 0]","[1, 13, 1]","[0, 0, 0]","[3, 12, 1]","[0, 0, 0]","[0, 0, 0]","[0, 0, 0]",0.0
191,Javed Ahmadi,"[339, 522, 17]","[58, 72, 2]","[8, 19, 3]","[10, 16, 0]","[93, 135, 3]","[31, 31, 0]","[71, 117, 2]","[1, 3, 0]",52.700490998363335
192,Javed Omar,"[128, 295, 6]","[0, 0, 0]","[11, 36, 0]","[10, 20, 0]","[37, 50, 0]","[16, 23, 0]","[22, 23, 1]","[0, 0, 0]",51.78571428571429
193,JC Buttler,"[1756, 1498, 53]","[182, 156, 2]","[569, 484, 11]","[1, 1, 0]","[376, 327, 6]","[293, 273, 9]","[364, 379, 7]","[59, 45, 3]",53.0
194,JDS Neesham,"[665, 590, 28]","[63, 63, 1]","[180, 180, 5]","[0, 0, 0]","[188, 240, 8]","[135, 170, 4]","[55, 73, 2]","[7, 17, 0]",50.580046403712295
195,JE Root,"[2460, 2981, 57]","[201, 240, 5]","[509, 623, 15]","[42, 42, 1]","[722, 816, 8]","[509, 551, 8]","[551, 644, 12]","[115, 116, 2]",36.6020747700137
196,JH Kallis,"[1559, 1992, 43]","[290, 368, 4]","[248, 352, 5]","[20, 43, 0]","[507, 700, 4]","[137, 235, 5]","[342, 523, 9]","[0, 0, 0]",40.99258781824041
197,JJ Roy,"[1808, 1867, 43]","[145, 141, 7]","[491, 504, 16]","[0, 0, 0]","[351, 268, 8]","[231, 204, 4]","[357, 355, 9]","[78, 60, 3]",59.34700953481653
198,JJ van der Wath,"[46, 24, 1]","[2, 5, 1]","[0, 0, 0]","[0, 0, 0]","[0, 2, 2]","[0, 1, 0]","[0, 0, 0]","[0, 0, 0]",66.66666666666666
199,JL Carter,"[159, 278, 7]","[26, 35, 1]","[61, 77, 4]","[0, 0, 0]","[130, 159, 4]","[90, 107, 3]","[50, 61, 2]","[3, 7, 0]",46.628131021194605
200,JL Denly,"[100, 158, 6]","[18, 13, 0]","[73, 94, 3]","[0, 0, 0]","[23, 34, 0]","[0, 0, 0]","[3, 2, 0]","[46, 50, 0]",50.950570342205324
201,JL Ontong,"[47, 63, 4]","[10, 14, 0]","[18, 26, 0]","[0, 0, 0]","[0, 0, 0]","[0, 5, 0]","[4, 7, 1]","[0, 0, 0]",50.63291139240506
202,JM Bairstow,"[1478, 1532, 34]","[194, 164, 3]","[462, 489, 14]","[0, 0, 0]","[291, 306, 4]","[247, 209, 6]","[390, 414, 8]","[108, 88, 3]",59.05362776025237
203,JM How,"[509, 744, 12]","[24, 24, 0]","[98, 200, 7]","[0, 0, 0]","[70, 112, 2]","[0, 0, 0]","[71, 102, 4]","[0, 0, 0]",49.48186528497409
204,JM Vince,"[259, 301, 9]","[62, 66, 3]","[76, 83, 3]","[0, 0, 0]","[23, 28, 1]","[39, 56, 1]","[50, 58, 0]","[0, 0, 0]",52.652259332023576
205,JN Hamilton,"[1, 6, 0]","[0, 0, 0]","[0, 0, 0]","[0, 0, 0]","[0, 2, 1]","[0, 0, 0]","[1, 2, 0]","[0, 0, 0]",0.0
206,JN Mohammed,"[202, 314, 9]","[15, 23, 1]","[85, 78, 3]","[0, 0, 0]","[124, 207, 4]","[85, 130, 7]","[53, 105, 2]","[36, 57, 1]",42.0
207,JNK Shannon,"[0, 0, 0]","[0, 0, 0]","[0, 0, 0]","[0, 0, 0]","[1, 2, 1]","[0, 0, 0]","[1, 6, 0]","[0, 0, 0]",0.0
208,JP Bray,"[86, 162, 6]","[47, 50, 1]","[21, 44, 0]","[1, 2, 0]","[11, 29, 0]","[0, 0, 0]","[20, 32, 0]","[0, 0, 0]",51.61290322580645
209,JP Duminy,"[1547, 1814, 46]","[373, 408, 6]","[285, 335, 13]","[0, 0, 0]","[761, 1053, 20]","[320, 372, 8]","[317, 447, 9]","[15, 41, 3]",36.70536207849641
210,JP Inglis,"[7, 8, 0]","[0, 0, 0]","[3, 8, 1]","[0, 0, 0]","[0, 2, 1]","[0, 0, 0]","[5, 8, 0]","[0, 0, 0]",53.333333333333336
211,Junaid Siddique,"[2, 4, 0]","[1, 2, 1]","[0, 0, 0]","[0, 0, 0]","[0, 0, 0]","[0, 0, 0]","[14, 11, 0]","[0, 0, 0]",58.82352941176471
212,JWM Dalrymple,"[138, 142, 7]","[10, 18, 1]","[22, 28, 2]","[0, 0, 0]","[83, 138, 3]","[30, 53, 1]","[57, 81, 2]","[0, 0, 0]",32.35294117647059
213,K Bhurtel,"[85, 112, 4]","[10, 11, 1]","[16, 23, 0]","[11, 18, 0]","[24, 29, 1]","[8, 15, 1]","[29, 42, 1]","[0, 0, 0]",42.62295081967213
214,K Zondo,"[56, 92, 0]","[0, 0, 0]","[0, 0, 0]","[0, 0, 0]","[5, 10, 0]","[51, 73, 4]","[2, 3, 1]","[27, 48, 0]",35.46099290780142
215,KA Hope,"[106, 160, 5]","[0, 0, 0]","[1, 4, 1]","[0, 0, 0]","[0, 0, 0]","[7, 7, 0]","[15, 21, 0]","[0, 2, 0]",58.91472868217055
216,KA Pollard,"[874, 1024, 35]","[38, 35, 2]","[252, 327, 12]","[0, 0, 0]","[367, 460, 16]","[232, 228, 12]","[240, 223, 8]","[31, 23, 0]",53.392330383480825
217,KC Brathwaite,"[77, 165, 3]","[15, 21, 1]","[25, 40, 0]","[0, 0, 0]","[24, 53, 3]","[37, 55, 0]","[60, 99, 0]","[0, 0, 0]",23.52941176470588
218,KD Karthik,"[591, 919, 26]","[120, 168, 1]","[107, 168, 3]","[0, 0, 0]","[240, 279, 8]","[63, 82, 1]","[141, 192, 1]","[0, 0, 0]",44.37400950871632
219,KDK Vithanage,"[20, 16, 0]","[0, 0, 0]","[3, 6, 1]","[0, 0, 0]","[37, 47, 4]","[0, 0, 0]","[9, 18, 0]","[0, 0, 0]",57.971014492753625
220,KED Carroll,"[26, 33, 2]","[0, 0, 0]","[2, 7, 0]","[0, 0, 0]","[0, 2, 1]","[0, 0, 0]","[0, 0, 0]","[0, 0, 0]",14.285714285714285
221,KH Pandya,"[77, 84, 1]","[2, 2, 0]","[27, 20, 0]","[0, 0, 0]","[1, 4, 0]","[6, 7, 1]","[0, 0, 0]","[0, 0, 0]",42.47787610619469
222,KH Prajapati,"[218, 247, 2]","[17, 31, 3]","[0, 0, 0]","[0, 0, 0]","[23, 50, 1]","[4, 6, 0]","[75, 122, 4]","[0, 0, 0]",43.916913946587535
223,Khalid Latif,"[110, 153, 0]","[13, 26, 1]","[0, 5, 1]","[0, 0, 0]","[8, 6, 0]","[0, 0, 0]","[10, 27, 3]","[0, 0, 0]",36.87943262411347
224,Khurram Khan,"[145, 178, 4]","[29, 35, 0]","[43, 48, 0]","[0, 0, 0]","[91, 121, 2]","[38, 65, 1]","[23, 32, 2]","[0, 0, 0]",43.360433604336045
225,Khurram Manzoor,"[46, 99, 4]","[19, 22, 0]","[0, 0, 0]","[0, 0, 0]","[13, 24, 1]","[0, 0, 0]","[21, 28, 0]","[0, 0, 0]",40.4040404040404
226,Khushdil Shah,"[57, 54, 2]","[31, 14, 0]","[0, 0, 0]","[0, 0, 0]","[14, 24, 0]","[2, 5, 1]","[15, 23, 1]","[0, 0, 0]",57.14285714285714
227,KIC Asalanka,"[199, 244, 9]","[29, 44, 2]","[6, 19, 2]","[0, 0, 0]","[163, 152, 3]","[36, 46, 0]","[95, 110, 0]","[78, 95, 3]",39.273927392739274
228,KJ Coetzer,"[762, 872, 19]","[181, 200, 7]","[16, 38, 1]","[17, 31, 2]","[186, 305, 7]","[156, 184, 5]","[217, 267, 3]","[0, 0, 0]",60.325732899022796
229,KJ O'Brien,"[688, 789, 29]","[173, 191, 4]","[106, 96, 2]","[16, 16, 1]","[408, 479, 12]","[268, 274, 12]","[189, 245, 8]","[0, 0, 0]",52.81385281385281
230,KK Nair,"[19, 30, 1]","[12, 28, 0]","[0, 0, 0]","[0, 0, 0]","[1, 5, 1]","[8, 7, 0]","[0, 0, 0]","[0, 0, 0]",50.0
231,KL Rahul,"[700, 834, 18]","[205, 220, 3]","[180, 240, 3]","[0, 0, 0]","[193, 216, 5]","[204, 233, 4]","[203, 206, 3]","[9, 13, 0]",44.74616292798111
232,KM Dabengwa,"[102, 177, 9]","[0, 0, 0]","[17, 14, 1]","[0, 0, 0]","[59, 79, 1]","[12, 16, 1]","[75, 133, 3]","[0, 5, 1]",34.71698113207547
233,KM Jadhav,"[583, 548, 14]","[171, 160, 5]","[93, 107, 3]","[0, 0, 0]","[176, 204, 3]","[173, 203, 4]","[90, 86, 1]","[0, 0, 0]",51.47744945567651
234,KMC Bandara,"[0, 0, 0]","[0, 0, 0]","[1, 3, 0]","[0, 0, 0]","[0, 0, 0]","[0, 0, 0]","[0, 0, 0]","[0, 0, 0]",0.0
235,KNA Bandara,"[34, 46, 1]","[2, 5, 0]","[1, 7, 1]","[0, 0, 0]","[8, 28, 1]","[0, 0, 0]","[72, 101, 1]","[0, 0, 0]",32.47863247863248
236,KOA Powell,"[314, 423, 10]","[29, 33, 1]","[153, 184, 6]","[0, 0, 0]","[173, 247, 8]","[33, 40, 2]","[50, 77, 3]","[0, 0, 0]",52.92553191489362
237,Krishna Chandran,"[35, 92, 4]","[1, 5, 0]","[4, 16, 0]","[0, 0, 0]","[9, 21, 2]","[23, 38, 0]","[10, 18, 0]","[0, 0, 0]",43.90243902439025
238,KS Lokuarachchi,"[23, 34, 2]","[3, 11, 1]","[0, 0, 0]","[0, 0, 0]","[3, 10, 0]","[4, 9, 1]","[17, 19, 1]","[0, 0, 0]",28.000000000000004
239,KS Williamson,"[2378, 3276, 49]","[272, 328, 5]","[604, 776, 16]","[8, 13, 0]","[711, 902, 13]","[744, 899, 19]","[564, 672, 10]","[41, 40, 3]",40.172867343104095
240,KY Ottley,"[7, 14, 0]","[14, 12, 0]","[1, 17, 1]","[0, 0, 0]","[2, 8, 1]","[0, 0, 0]","[0, 0, 0]","[0, 0, 0]",58.333333333333336
241,L Louwrens,"[62, 132, 5]","[67, 79, 2]","[0, 0, 0]","[0, 0, 0]","[25, 32, 1]","[12, 16, 1]","[84, 157, 1]","[0, 0, 0]",46.400000000000006
242,L Ronchi,"[650, 533, 29]","[21, 20, 1]","[71, 89, 8]","[0, 0, 0]","[50, 60, 1]","[81, 118, 4]","[82, 88, 4]","[0, 0, 0]",58.63874345549738
243,L Siaka,"[163, 196, 7]","[37, 30, 0]","[0, 0, 0]","[16, 11, 0]","[48, 72, 4]","[13, 35, 2]","[79, 101, 7]","[0, 0, 0]",48.76712328767123
244,L Sreekumar,"[34, 31, 2]","[0, 0, 0]","[0, 0, 0]","[0, 0, 0]","[0, 0, 0]","[0, 0, 0]","[12, 14, 0]","[0, 0, 0]",82.6086956521739
245,L Tucker,"[129, 167, 7]","[22, 27, 2]","[6, 13, 2]","[0, 0, 0]","[88, 146, 2]","[75, 96, 4]","[39, 60, 3]","[0, 0, 0]",34.540389972144844
246,L Vincent,"[312, 518, 15]","[37, 36, 1]","[144, 199, 4]","[0, 0, 0]","[45, 55, 0]","[7, 18, 0]","[17, 33, 1]","[0, 0, 0]",55.16014234875445
247,LD Chandimal,"[1190, 1687, 33]","[49, 106, 5]","[457, 610, 22]","[0, 0, 0]","[608, 795, 19]","[373, 520, 8]","[413, 570, 13]","[0, 0, 0]",34.239482200647245
248,LD Madushanka,"[8, 17, 2]","[0, 0, 0]","[6, 9, 1]","[0, 0, 0]","[0, 0, 0]","[0, 0, 0]","[0, 0, 0]","[0, 0, 0]",57.14285714285714
249,LN Roche,"[0, 0, 0]","[0, 0, 0]","[0, 1, 1]","[0, 0, 0]","[2, 2, 0]","[2, 7, 1]","[0, 0, 0]","[0, 0, 0]",0.0
250,LR Naylor,"[0, 0, 0]","[0, 0, 0]","[0, 0, 0]","[14, 10, 0]","[0, 0, 0]","[0, 0, 0]","[0, 0, 0]","[0, 0, 0]",85.71428571428571
251,LRPL Taylor,"[3096, 3538, 70]","[273, 299, 3]","[607, 839, 24]","[5, 4, 0]","[957, 1220, 19]","[723, 982, 16]","[750, 974, 12]","[68, 74, 0]",43.401759530791786
252,LS Livingstone,"[88, 98, 6]","[0, 0, 0]","[0, 0, 0]","[0, 0, 0]","[0, 0, 0]","[12, 12, 0]","[36, 36, 0]","[17, 18, 0]",54.90196078431373
253,M Shumba,"[2, 8, 0]","[0, 0, 0]","[0, 3, 1]","[0, 0, 0]","[19, 36, 3]","[3, 5, 0]","[0, 0, 0]","[0, 0, 0]",41.66666666666667
254,M van Jaarsveld,"[4, 10, 0]","[0, 0, 0]","[0, 1, 1]","[0, 0, 0]","[0, 0, 0]","[0, 0, 0]","[0, 0, 0]","[0, 0, 0]",0.0
255,MA Carberry,"[68, 84, 2]","[0, 0, 0]","[33, 73, 2]","[0, 0, 0]","[0, 0, 0]","[3, 3, 0]","[0, 0, 0]","[0, 0, 0]",50.0
256,MA Jones,"[177, 220, 4]","[0, 0, 0]","[0, 0, 0]","[0, 0, 0]","[23, 44, 1]","[0, 0, 0]","[49, 97, 4]","[0, 0, 0]",40.963855421686745
257,MA Leask,"[223, 180, 8]","[139, 117, 3]","[6, 3, 0]","[6, 11, 0]","[99, 101, 3]","[32, 48, 2]","[76, 86, 2]","[0, 0, 0]",54.38898450946644
258,MA Vermeulen,"[79, 146, 6]","[31, 38, 1]","[43, 62, 2]","[0, 0, 0]","[42, 37, 0]","[0, 4, 1]","[51, 80, 3]","[0, 0, 0]",40.65040650406504
259,Mahedi Hasan,"[1, 2, 0]","[3, 9, 1]","[11, 14, 1]","[0, 0, 0]","[0, 0, 0]","[0, 0, 0]","[9, 10, 1]","[0, 0, 0]",66.66666666666666
260,Mahmudullah,"[1426, 1849, 42]","[452, 571, 16]","[322, 391, 7]","[32, 25, 0]","[628, 933, 13]","[437, 616, 12]","[342, 560, 10]","[27, 48, 2]",40.58919803600654
261,MB Loye,"[24, 35, 0]","[0, 0, 0]","[8, 10, 0]","[11, 18, 2]","[0, 0, 0]","[0, 0, 0]","[0, 0, 0]","[0, 0, 0]",65.11627906976744
262,MC Henriques,"[61, 75, 4]","[0, 0, 0]","[15, 13, 0]","[0, 0, 0]","[3, 8, 1]","[4, 16, 2]","[18, 56, 4]","[6, 7, 0]",37.38317757009346
263,MD Gunathilaka,"[708, 815, 17]","[51, 59, 3]","[208, 258, 8]","[0, 0, 0]","[189, 257, 5]","[138, 179, 4]","[89, 88, 1]","[0, 0, 0]",52.060737527114966
264,MD Shanaka,"[283, 290, 6]","[95, 74, 2]","[122, 129, 3]","[0, 0, 0]","[95, 117, 3]","[141, 172, 11]","[129, 174, 2]","[24, 37, 3]",51.5185601799775
265,MDKJ Perera,"[1327, 1377, 41]","[104, 101, 4]","[452, 447, 17]","[6, 3, 1]","[578, 766, 15]","[106, 139, 4]","[155, 156, 1]","[18, 17, 1]",53.60524399126001
266,ME Sanuth,"[0, 0, 0]","[1, 1, 0]","[0, 0, 0]","[0, 0, 0]","[0, 0, 0]","[0, 0, 0]","[0, 0, 0]","[0, 0, 0]",0.0
267,ME Trescothick,"[732, 969, 23]","[98, 92, 2]","[179, 235, 4]","[12, 7, 0]","[75, 95, 2]","[0, 0, 0]","[109, 94, 2]","[0, 0, 0]",58.42323651452283
268,MG Neser,"[0, 2, 1]","[0, 0, 0]","[4, 6, 1]","[0, 0, 0]","[0, 0, 0]","[4, 8, 0]","[0, 0, 0]","[0, 0, 0]",0.0
269,MH Cross,"[463, 575, 13]","[25, 78, 6]","[26, 39, 2]","[0, 1, 0]","[117, 172, 7]","[66, 89, 3]","[192, 325, 11]","[0, 0, 0]",38.69516310461192
270,MHW Papps,"[29, 52, 1]","[0, 0, 0]","[0, 0, 0]","[0, 0, 0]","[0, 0, 0]","[0, 0, 0]","[0, 0, 0]","[0, 0, 0]",55.172413793103445
271,MJ Cosgrove,"[24, 31, 0]","[0, 0, 0]","[0, 0, 0]","[0, 0, 0]","[15, 11, 1]","[0, 0, 0]","[36, 34, 1]","[0, 0, 0]",53.333333333333336
272,MJ Fourie,"[4, 10, 1]","[0, 0, 0]","[0, 2, 0]","[0, 0, 0]","[0, 0, 0]","[0, 0, 0]","[0, 0, 0]","[0, 0, 0]",0.0
273,MJ Guptill,"[3231, 3759, 90]","[350, 367, 4]","[783, 1026, 21]","[5, 4, 0]","[580, 712, 11]","[501, 542, 8]","[381, 477, 8]","[7, 8, 0]",57.00582391229874
274,MJ North,"[1, 5, 1]","[0, 0, 0]","[0, 0, 0]","[0, 0, 0]","[3, 11, 1]","[2, 3, 0]","[0, 0, 0]","[0, 0, 0]",0.0
275,MJ Prior,"[596, 797, 20]","[91, 99, 4]","[70, 106, 3]","[0, 0, 0]","[112, 151, 7]","[3, 7, 0]","[76, 105, 3]","[0, 0, 0]",48.10126582278481
276,MK Pandey,"[196, 219, 6]","[83, 83, 1]","[57, 47, 1]","[0, 0, 0]","[58, 81, 1]","[64, 75, 2]","[58, 90, 4]","[0, 0, 0]",34.883720930232556
277,MK Tiwary,"[99, 148, 5]","[62, 97, 3]","[1, 9, 0]","[0, 0, 0]","[50, 67, 2]","[0, 0, 0]","[0, 0, 0]","[0, 0, 0]",40.56603773584906
278,ML Cummins,"[1, 3, 0]","[3, 9, 0]","[0, 0, 0]","[0, 0, 0]","[0, 3, 1]","[5, 15, 1]","[0, 0, 0]","[1, 1, 0]",40.0
279,ML Nkala,"[11, 10, 1]","[0, 0, 0]","[10, 12, 1]","[0, 0, 0]","[33, 26, 1]","[1, 4, 0]","[5, 14, 2]","[0, 0, 0]",60.0
280,MM Ali,"[943, 993, 34]","[70, 85, 4]","[202, 213, 12]","[0, 0, 0]","[238, 227, 8]","[126, 135, 9]","[90, 125, 6]","[33, 25, 1]",53.5840188014101
281,MM Iqbal,"[17, 37, 2]","[0, 0, 0]","[0, 0, 0]","[0, 0, 0]","[8, 41, 1]","[7, 7, 0]","[0, 0, 0]","[0, 0, 0]",37.5
282,MN Samuels,"[1531, 1907, 48]","[200, 222, 6]","[284, 430, 8]","[0, 0, 0]","[610, 974, 17]","[355, 465, 8]","[368, 530, 12]","[15, 19, 1]",50.966399048468624
283,MN van Wyk,"[103, 151, 7]","[3, 14, 0]","[38, 55, 2]","[0, 0, 0]","[48, 73, 0]","[46, 61, 1]","[33, 46, 5]","[0, 0, 0]",49.44649446494465
284,MN Waller,"[266, 344, 21]","[67, 62, 2]","[44, 85, 1]","[6, 17, 0]","[164, 231, 11]","[107, 134, 5]","[158, 283, 12]","[0, 0, 0]",44.827586206896555
285,MNK Fernando,"[60, 76, 1]","[0, 0, 0]","[0, 0, 0]","[0, 0, 0]","[0, 0, 0]","[0, 0, 0]","[3, 6, 1]","[6, 10, 0]",57.971014492753625
286,Mohammad Aadil Alam,"[19, 17, 1]","[0, 0, 0]","[0, 0, 0]","[0, 0, 0]","[0, 0, 0]","[7, 2, 0]","[0, 0, 0]","[0, 0, 0]",76.92307692307693
287,Mohammad Ashraful,"[689, 1027, 39]","[136, 252, 10]","[90, 168, 3]","[0, 0, 0]","[127, 243, 5]","[90, 116, 3]","[150, 198, 6]","[0, 0, 0]",49.921996879875195
288,Mohammad Boota,"[85, 113, 3]","[20, 13, 0]","[0, 0, 0]","[0, 0, 0]","[24, 34, 1]","[18, 24, 1]","[15, 29, 0]","[0, 0, 0]",49.382716049382715
289,Mohammad Hafeez,"[2683, 3822, 85]","[348, 462, 9]","[475, 621, 13]","[17, 23, 0]","[635, 715, 22]","[392, 465, 12]","[412, 545, 16]","[31, 23, 1]",49.38914480272381
290,Mohammad Haris,"[0, 3, 1]","[0, 0, 0]","[0, 0, 0]","[0, 0, 0]","[0, 0, 0]","[0, 0, 0]","[6, 3, 0]","[0, 0, 0]",66.66666666666666
291,Mohammad Naim,"[0, 1, 1]","[0, 0, 0]","[0, 0, 0]","[0, 0, 0]","[1, 1, 0]","[0, 0, 0]","[0, 0, 0]","[0, 0, 0]",0.0
292,Mohammad Rizwan,"[426, 450, 14]","[59, 74, 2]","[18, 30, 1]","[0, 0, 0]","[135, 184, 4]","[132, 182, 8]","[109, 144, 6]","[5, 7, 0]",35.294117647058826
293,Mohammad Shahzad,"[52, 73, 3]","[10, 11, 0]","[0, 0, 0]","[0, 0, 0]","[24, 25, 0]","[14, 13, 1]","[9, 24, 0]","[0, 0, 0]",60.550458715596335
294,Mohammed Qasim,"[10, 23, 0]","[7, 7, 0]","[0, 0, 0]","[0, 0, 0]","[8, 20, 0]","[3, 5, 1]","[15, 28, 0]","[0, 0, 0]",37.2093023255814
295,Mominul Haque,"[231, 315, 6]","[72, 92, 4]","[43, 34, 2]","[0, 0, 0]","[79, 140, 4]","[17, 14, 1]","[7, 13, 1]","[0, 0, 0]",44.097995545657014
296,Mosaddek Hossain,"[240, 248, 9]","[66, 53, 1]","[33, 44, 2]","[1, 3, 0]","[73, 126, 3]","[72, 133, 5]","[75, 86, 2]","[4, 9, 0]",50.0
297,MP Stoinis,"[537, 631, 18]","[82, 74, 3]","[81, 81, 4]","[0, 0, 0]","[109, 109, 3]","[186, 179, 9]","[105, 146, 3]","[86, 81, 1]",54.300168634064086
298,MP Vaughan,"[387, 626, 18]","[90, 98, 1]","[71, 133, 4]","[30, 49, 3]","[71, 116, 3]","[32, 58, 1]","[62, 88, 2]","[0, 0, 0]",38.49259757738896
299,MR Marsh,"[811, 790, 27]","[91, 96, 3]","[133, 141, 7]","[0, 0, 0]","[238, 333, 1]","[208, 255, 7]","[162, 238, 5]","[30, 39, 0]",48.77465630603706
300,MS Chapman,"[2, 12, 1]","[0, 0, 0]","[1, 1, 0]","[0, 0, 0]","[24, 27, 2]","[4, 12, 1]","[60, 31, 0]","[0, 0, 0]",68.13186813186813
301,MS Dhoni,"[3891, 4242, 96]","[388, 435, 6]","[826, 892, 26]","[28, 30, 1]","[1226, 1677, 12]","[359, 497, 7]","[688, 939, 14]","[12, 17, 0]",43.59665678080345
302,MS Sinclair,"[142, 213, 3]","[0, 0, 0]","[27, 45, 0]","[0, 0, 0]","[47, 66, 2]","[14, 23, 0]","[12, 19, 0]","[0, 0, 0]",38.01652892561984
303,MS Tshabalala,"[0, 0, 0]","[1, 1, 0]","[0, 0, 0]","[0, 0, 0]","[0, 0, 0]","[0, 0, 0]","[0, 0, 0]","[0, 0, 0]",0.0
304,MS Wade,"[831, 889, 37]","[69, 67, 1]","[141, 156, 5]","[0, 0, 0]","[203, 316, 8]","[95, 126, 4]","[154, 216, 5]","[15, 31, 1]",41.246684350132625
305,Muhammad Usman,"[226, 339, 13]","[57, 70, 3]","[0, 0, 0]","[0, 0, 0]","[135, 244, 6]","[32, 45, 2]","[100, 128, 2]","[0, 0, 0]",43.63636363636363
306,Mushfiqur Rahim,"[1724, 2335, 47]","[545, 711, 15]","[363, 478, 9]","[42, 53, 2]","[1211, 1428, 29]","[672, 751, 15]","[450, 633, 17]","[6, 12, 0]",39.65689208059047
307,Mushfiqur Rahman,"[98, 185, 5]","[6, 18, 1]","[8, 25, 0]","[0, 0, 0]","[31, 52, 0]","[0, 0, 0]","[1, 3, 0]","[0, 0, 0]",41.66666666666667
308,MV Boucher,"[643, 605, 26]","[213, 173, 3]","[85, 80, 2]","[3, 15, 0]","[283, 283, 5]","[110, 141, 2]","[160, 310, 4]","[0, 0, 0]",45.15698062792251
309,MW Machan,"[181, 217, 6]","[56, 75, 1]","[49, 63, 1]","[0, 0, 0]","[44, 84, 1]","[15, 16, 0]","[23, 49, 0]","[0, 0, 0]",40.76086956521739
310,N Boje,"[76, 63, 1]","[18, 22, 2]","[0, 0, 0]","[0, 0, 0]","[0, 0, 0]","[0, 0, 0]","[21, 25, 0]","[0, 0, 0]",50.43478260869565
311,N Dickwella,"[763, 778, 25]","[114, 121, 4]","[158, 178, 9]","[0, 0, 0]","[216, 269, 6]","[144, 169, 2]","[49, 54, 0]","[29, 18, 1]",53.49626612355737
312,N Pooran,"[381, 430, 12]","[58, 60, 1]","[117, 114, 6]","[0, 0, 0]","[283, 322, 7]","[237, 237, 3]","[163, 173, 4]","[73, 73, 2]",54.11585365853659
313,N Rana,"[0, 0, 0]","[3, 8, 0]","[0, 0, 0]","[0, 0, 0]","[3, 4, 1]","[0, 0, 0]","[1, 2, 0]","[0, 0, 0]",0.0
314,Nafees Iqbal,"[28, 61, 4]","[8, 9, 0]","[0, 2, 0]","[0, 0, 0]","[5, 12, 0]","[0, 0, 0]","[0, 0, 0]","[0, 0, 0]",39.02439024390244
315,Najibullah Zadran,"[742, 775, 20]","[107, 113, 6]","[111, 155, 6]","[0, 0, 0]","[279, 388, 8]","[134, 136, 4]","[270, 272, 9]","[17, 14, 0]",54.21686746987952
316,Naseem Khushi,"[103, 81, 5]","[17, 20, 3]","[1, 2, 0]","[0, 2, 1]","[26, 20, 1]","[28, 20, 1]","[14, 40, 0]","[0, 0, 0]",52.910052910052904
317,Nasir Jamal,"[106, 167, 4]","[6, 10, 0]","[0, 0, 0]","[0, 0, 0]","[78, 95, 2]","[28, 54, 1]","[19, 33, 1]","[0, 0, 0]",29.535864978902953
318,Nasir Jamshed,"[565, 838, 19]","[198, 203, 5]","[121, 162, 7]","[2, 6, 1]","[184, 271, 5]","[0, 0, 0]","[76, 117, 2]","[0, 0, 0]",49.56369982547993
319,Nawroz Mangal,"[103, 190, 6]","[53, 86, 3]","[77, 90, 1]","[0, 0, 0]","[51, 92, 3]","[15, 37, 4]","[53, 66, 4]","[0, 0, 0]",42.61363636363637
320,Nazmul Hossain Shanto,"[82, 148, 6]","[9, 14, 1]","[0, 0, 0]","[0, 0, 0]","[32, 59, 3]","[6, 6, 1]","[37, 65, 3]","[0, 0, 0]",45.78313253012048
321,Nazmul Hossain,"[1, 12, 0]","[4, 12, 0]","[0, 5, 0]","[0, 0, 0]","[0, 4, 0]","[0, 0, 0]","[0, 1, 0]","[0, 0, 0]",0.0
322,ND McKenzie,"[45, 88, 4]","[0, 0, 0]","[10, 13, 0]","[0, 0, 0]","[38, 41, 0]","[0, 0, 0]","[0, 0, 0]","[0, 0, 0]",30.107526881720432
323,NE Bonner,"[24, 42, 1]","[7, 9, 1]","[1, 5, 0]","[0, 0, 0]","[15, 31, 0]","[0, 0, 0]","[13, 24, 1]","[0, 0, 0]",20.0
324,Nestor Dhamba,"[10, 19, 0]","[0, 0, 0]","[0, 0, 0]","[0, 10, 1]","[5, 4, 1]","[1, 2, 1]","[0, 0, 0]","[0, 0, 0]",25.0
325,NJ Astle,"[387, 485, 11]","[144, 175, 2]","[140, 179, 1]","[0, 0, 0]","[80, 128, 2]","[0, 0, 0]","[49, 83, 1]","[0, 0, 0]",49.75
326,NJ O'Brien,"[542, 734, 20]","[121, 177, 5]","[71, 96, 6]","[20, 43, 0]","[389, 568, 15]","[114, 204, 7]","[146, 181, 7]","[0, 0, 0]",42.05274411974341
327,Noor Ali Zadran,"[286, 454, 13]","[95, 146, 6]","[39, 59, 0]","[0, 0, 0]","[39, 80, 3]","[60, 94, 3]","[76, 131, 4]","[0, 0, 0]",48.739495798319325
328,NT Broom,"[365, 430, 9]","[20, 27, 1]","[101, 168, 8]","[0, 0, 0]","[83, 115, 2]","[3, 11, 3]","[132, 160, 5]","[1, 2, 0]",41.13475177304964
329,Nurul Hasan,"[74, 60, 1]","[11, 9, 0]","[7, 20, 1]","[0, 0, 0]","[13, 21, 0]","[0, 0, 0]","[24, 37, 0]","[0, 0, 0]",52.71317829457365
330,O Davidson,"[0, 0, 0]","[0, 0, 0]","[0, 0, 0]","[0, 0, 0]","[0, 0, 0]","[10, 13, 1]","[1, 7, 0]","[0, 0, 0]",0.0
331,P Khadka,"[14, 38, 1]","[0, 0, 0]","[5, 8, 0]","[0, 0, 0]","[0, 0, 0]","[26, 31, 1]","[9, 5, 1]","[0, 0, 0]",44.44444444444444
332,P Mustard,"[129, 148, 4]","[6, 14, 1]","[41, 40, 1]","[0, 0, 0]","[0, 0, 0]","[0, 0, 0]","[17, 13, 0]","[0, 0, 0]",60.10362694300518
333,P Nissanka,"[259, 349, 8]","[23, 38, 0]","[19, 37, 3]","[0, 0, 0]","[84, 99, 1]","[41, 41, 1]","[62, 77, 3]","[0, 0, 0]",49.59016393442623
334,P Sarraf,"[2, 8, 0]","[0, 0, 0]","[0, 0, 0]","[0, 0, 0]","[1, 6, 1]","[15, 15, 1]","[0, 0, 0]","[0, 0, 0]",44.44444444444444
335,PA Jaques,"[106, 144, 5]","[0, 0, 0]","[0, 0, 0]","[0, 0, 0]","[13, 17, 0]","[0, 0, 0]","[0, 0, 0]","[0, 0, 0]",58.82352941176471
336,PARP Perera,"[5, 11, 1]","[11, 13, 0]","[0, 0, 0]","[0, 0, 0]","[4, 6, 0]","[7, 15, 0]","[0, 0, 0]","[0, 0, 0]",29.629629629629626
337,PC de Silva,"[40, 42, 1]","[0, 0, 0]","[7, 5, 0]","[0, 0, 0]","[10, 20, 2]","[1, 1, 0]","[25, 32, 2]","[0, 0, 0]",50.602409638554214
338,PD Collingwood,"[1106, 1401, 35]","[244, 279, 7]","[174, 251, 9]","[36, 45, 1]","[443, 639, 13]","[173, 224, 5]","[475, 639, 10]","[0, 0, 0]",38.928706148623164
339,PD Macchi,"[0, 0, 0]","[0, 0, 0]","[0, 0, 0]","[0, 0, 0]","[0, 0, 0]","[0, 0, 0]","[4, 10, 1]","[0, 0, 0]",0.0
340,PD McGlashan,"[28, 19, 0]","[0, 0, 0]","[0, 0, 0]","[0, 0, 0]","[14, 19, 0]","[0, 0, 0]","[4, 2, 0]","[0, 0, 0]",39.130434782608695
341,PD Salt,"[149, 109, 6]","[0, 0, 0]","[49, 49, 1]","[0, 0, 0]","[0, 0, 0]","[5, 6, 0]","[3, 6, 1]","[0, 0, 0]",70.87378640776699
342,PG Fulton,"[364, 524, 9]","[26, 40, 3]","[128, 178, 4]","[0, 0, 0]","[56, 93, 1]","[0, 0, 0]","[81, 117, 3]","[0, 0, 0]",47.93893129770993
343,PHKD Mendis,"[31, 38, 0]","[6, 9, 0]","[0, 0, 0]","[0, 0, 0]","[5, 12, 1]","[4, 10, 0]","[29, 61, 1]","[7, 11, 0]",29.268292682926827
344,PJ Forrest,"[185, 265, 8]","[18, 31, 1]","[0, 0, 0]","[0, 0, 0]","[53, 93, 1]","[0, 0, 0]","[21, 26, 0]","[0, 0, 0]",47.65342960288809
345,PJ Hughes,"[481, 594, 9]","[35, 54, 2]","[25, 24, 0]","[0, 0, 0]","[50, 118, 4]","[21, 33, 1]","[55, 60, 2]","[0, 0, 0]",48.275862068965516
346,PJ Moor,"[204, 316, 10]","[38, 42, 3]","[57, 123, 3]","[0, 0, 0]","[108, 162, 6]","[72, 126, 3]","[139, 238, 4]","[8, 6, 0]",47.92332268370607
347,PL Mommsen,"[119, 196, 3]","[64, 84, 4]","[6, 11, 2]","[0, 0, 0]","[95, 111, 1]","[36, 40, 3]","[59, 104, 0]","[0, 0, 0]",41.68865435356201
348,PR Stirling,"[1309, 1656, 41]","[356, 426, 6]","[275, 263, 7]","[24, 25, 0]","[728, 841, 13]","[290, 406, 9]","[281, 352, 8]","[0, 0, 0]",57.309224639901934
349,PS Masvaure,"[6, 16, 1]","[0, 0, 0]","[1, 7, 1]","[0, 0, 0]","[11, 11, 0]","[11, 12, 0]","[11, 17, 0]","[0, 0, 0]",20.0
350,PSP Handscomb,"[198, 203, 8]","[18, 19, 0]","[46, 54, 3]","[0, 0, 0]","[85, 65, 0]","[54, 62, 2]","[114, 139, 4]","[80, 81, 2]",35.63025210084034
351,Q de Kock,"[2237, 2375, 48]","[251, 223, 2]","[733, 858, 21]","[1, 8, 2]","[966, 1093, 27]","[419, 408, 8]","[319, 303, 4]","[8, 10, 0]",54.884475070936354
352,R Clarke,"[23, 40, 5]","[7, 11, 1]","[1, 22, 0]","[0, 0, 0]","[22, 40, 2]","[11, 14, 0]","[0, 0, 0]","[0, 0, 0]",31.25
353,R Mutumbami,"[190, 289, 10]","[56, 56, 5]","[77, 90, 0]","[0, 0, 0]","[67, 107, 4]","[30, 46, 2]","[75, 101, 3]","[0, 0, 0]",55.35353535353536
354,R Powell,"[387, 374, 15]","[28, 33, 1]","[115, 102, 3]","[0, 0, 0]","[130, 201, 5]","[69, 105, 4]","[59, 140, 4]","[17, 46, 3]",51.18012422360248
355,RA Jones,"[43, 91, 2]","[0, 0, 0]","[0, 0, 0]","[0, 0, 0]","[23, 28, 1]","[15, 30, 0]","[0, 0, 0]","[0, 0, 0]",37.03703703703704
356,Raees Ahmadzai,"[6, 3, 0]","[0, 0, 0]","[0, 0, 0]","[0, 0, 0]","[3, 12, 0]","[0, 0, 0]","[0, 0, 0]","[0, 0, 0]",44.44444444444444
357,Rahmat Shah,"[1207, 1873, 35]","[111, 178, 3]","[105, 168, 1]","[0, 0, 0]","[584, 777, 12]","[182, 253, 3]","[364, 451, 13]","[12, 20, 0]",40.62378167641326
358,RAJ Smith,"[10, 4, 1]","[0, 0, 0]","[0, 2, 0]","[0, 0, 0]","[0, 0, 0]","[0, 0, 0]","[0, 0, 0]","[0, 0, 0]",100.0
359,Rajin Saleh,"[174, 351, 8]","[41, 58, 2]","[14, 49, 2]","[0, 0, 0]","[91, 164, 4]","[7, 22, 0]","[25, 34, 0]","[0, 0, 0]",35.79545454545455
360,Rameez Shahzad,"[216, 277, 4]","[10, 13, 1]","[4, 5, 0]","[0, 0, 0]","[119, 136, 2]","[25, 56, 0]","[130, 162, 5]","[0, 0, 0]",46.82539682539682
361,RAP Nissanka,"[8, 22, 0]","[4, 4, 0]","[0, 2, 1]","[0, 0, 0]","[5, 15, 0]","[0, 0, 0]","[0, 0, 0]","[0, 0, 0]",23.52941176470588
362,RD Berrington,"[347, 526, 13]","[142, 207, 4]","[10, 33, 2]","[23, 31, 1]","[283, 370, 9]","[176, 236, 6]","[177, 271, 3]","[0, 0, 0]",39.55094991364421
363,RD Gaikwad,"[13, 29, 0]","[0, 0, 0]","[0, 0, 0]","[0, 0, 0]","[0, 0, 0]","[0, 0, 0]","[5, 10, 0]","[1, 3, 1]",21.052631578947366
364,RD Jacobs,"[26, 62, 1]","[44, 49, 1]","[0, 3, 1]","[0, 0, 0]","[3, 14, 1]","[0, 0, 0]","[14, 24, 1]","[0, 0, 0]",25.287356321839084
365,RG Sharma,"[4069, 4741, 99]","[581, 561, 8]","[1233, 1476, 23]","[0, 0, 0]","[1035, 1138, 17]","[591, 582, 9]","[467, 521, 5]","[61, 66, 0]",54.796565882792095
366,RJ Nicol,"[229, 315, 7]","[117, 138, 1]","[10, 36, 2]","[0, 0, 0]","[71, 93, 4]","[0, 0, 0]","[7, 17, 1]","[0, 0, 0]",50.69124423963134
367,RK Paudel,"[98, 159, 2]","[55, 71, 2]","[15, 14, 1]","[10, 29, 0]","[73, 93, 3]","[151, 169, 2]","[93, 111, 2]","[0, 0, 0]",40.0
368,RN Lewis,"[46, 34, 3]","[18, 13, 1]","[3, 4, 1]","[0, 0, 0]","[10, 14, 1]","[0, 0, 0]","[26, 34, 0]","[0, 0, 0]",42.71844660194174
369,Rohan Mustafa,"[314, 483, 16]","[99, 124, 0]","[2, 2, 0]","[0, 1, 1]","[110, 242, 6]","[26, 62, 2]","[100, 142, 1]","[0, 0, 0]",48.23348694316436
370,RR Hendricks,"[231, 365, 9]","[15, 19, 3]","[104, 137, 5]","[0, 0, 0]","[67, 66, 3]","[87, 92, 2]","[93, 101, 2]","[19, 18, 0]",44.8051948051948
371,RR Pant,"[316, 337, 9]","[44, 50, 4]","[116, 94, 2]","[0, 0, 0]","[81, 105, 3]","[82, 54, 0]","[74, 69, 3]","[33, 25, 1]",58.17694369973191
372,RR Rossouw,"[593, 604, 11]","[90, 87, 0]","[106, 123, 9]","[0, 0, 0]","[133, 163, 7]","[92, 104, 2]","[87, 117, 0]","[0, 0, 0]",52.67938237965486
373,RR Sarwan,"[1179, 1624, 31]","[208, 307, 4]","[100, 174, 7]","[42, 42, 0]","[576, 790, 7]","[111, 208, 7]","[282, 357, 9]","[0, 0, 0]",38.99119295436349
374,RR Watson,"[83, 116, 2]","[5, 6, 1]","[8, 12, 0]","[0, 0, 0]","[0, 0, 0]","[0, 0, 0]","[0, 0, 0]","[0, 0, 0]",50.0
375,RS Kaluwitharana,"[62, 80, 1]","[2, 2, 0]","[0, 0, 0]","[0, 0, 0]","[3, 7, 1]","[0, 0, 0]","[0, 0, 0]","[0, 0, 0]",65.67164179104478
376,RT Crandon,"[0, 0, 0]","[0, 0, 0]","[0, 0, 0]","[0, 0, 0]","[0, 5, 1]","[5, 4, 0]","[0, 0, 0]","[0, 0, 0]",80.0
377,RV Uthappa,"[391, 405, 14]","[45, 71, 4]","[62, 113, 5]","[0, 0, 0]","[16, 30, 1]","[4, 5, 0]","[45, 39, 2]","[0, 0, 0]",57.548845470692726
378,RWT Key,"[16, 34, 2]","[4, 24, 1]","[7, 22, 0]","[0, 0, 0]","[0, 0, 0]","[0, 0, 0]","[0, 0, 0]","[0, 0, 0]",44.44444444444444
379,S Badrinath,"[21, 36, 1]","[19, 38, 1]","[0, 1, 0]","[0, 0, 0]","[16, 33, 1]","[0, 0, 0]","[0, 0, 0]","[0, 0, 0]",28.57142857142857
380,S Chanderpaul,"[1237, 1929, 28]","[276, 396, 5]","[140, 188, 1]","[44, 46, 1]","[460, 739, 10]","[115, 149, 2]","[293, 412, 2]","[0, 0, 0]",36.33528265107213
381,S Chattergoon,"[133, 214, 2]","[25, 28, 0]","[22, 23, 1]","[0, 0, 0]","[16, 43, 2]","[0, 0, 0]","[0, 0, 0]","[0, 0, 0]",63.26530612244898
382,S Dhawan,"[3362, 3789, 71]","[274, 346, 4]","[852, 942, 29]","[0, 0, 0]","[638, 718, 15]","[396, 393, 6]","[346, 393, 8]","[23, 20, 0]",57.0701069427941
383,S Samarawickrama,"[62, 78, 1]","[0, 0, 0]","[27, 29, 2]","[0, 0, 0]","[11, 11, 1]","[25, 29, 2]","[0, 2, 1]","[13, 20, 0]",52.17391304347826
384,S Vesawkar,"[0, 0, 0]","[0, 6, 0]","[0, 0, 0]","[0, 0, 0]","[0, 5, 0]","[4, 11, 0]","[6, 15, 0]","[0, 0, 0]",0.0
385,SA Yadav,"[159, 163, 7]","[37, 43, 2]","[13, 17, 1]","[0, 0, 0]","[22, 23, 1]","[31, 16, 0]","[103, 103, 3]","[0, 0, 0]",53.15068493150685
386,Sabbir Rahman,"[547, 570, 22]","[118, 126, 5]","[74, 86, 2]","[0, 0, 0]","[101, 128, 2]","[136, 193, 7]","[119, 161, 4]","[0, 0, 0]",56.25570776255707
387,Salman Faris,"[16, 25, 1]","[0, 0, 0]","[8, 12, 0]","[0, 0, 0]","[3, 11, 1]","[0, 0, 0]","[0, 0, 0]","[0, 0, 0]",44.44444444444444
388,Samiullah Shenwari,"[329, 573, 11]","[70, 123, 4]","[100, 126, 2]","[0, 0, 0]","[228, 396, 9]","[57, 114, 1]","[254, 328, 8]","[0, 0, 0]",40.655105973025044
389,Saqib Ali,"[34, 39, 0]","[17, 14, 1]","[1, 7, 0]","[0, 0, 0]","[11, 23, 1]","[0, 0, 0]","[7, 11, 0]","[0, 0, 0]",51.42857142857142
390,Saqlain Haider,"[2, 7, 0]","[0, 0, 0]","[0, 0, 0]","[0, 0, 0]","[10, 6, 1]","[5, 5, 0]","[3, 5, 1]","[0, 0, 0]",60.0
391,Sarfraz Ahmed,"[967, 1168, 27]","[142, 177, 5]","[203, 220, 7]","[0, 0, 0]","[282, 330, 6]","[222, 232, 13]","[188, 212, 4]","[32, 57, 1]",32.90766208251473
392,Saud Shakeel,"[40, 58, 0]","[0, 0, 0]","[0, 0, 0]","[0, 0, 0]","[0, 3, 1]","[0, 0, 0]","[0, 0, 0]","[0, 0, 0]",30.0
393,SB Bangar,"[5, 11, 1]","[0, 0, 0]","[0, 0, 0]","[0, 0, 0]","[0, 0, 0]","[0, 0, 0]","[0, 0, 0]","[0, 0, 0]",80.0
394,SB Styris,"[849, 1135, 25]","[124, 160, 2]","[262, 328, 6]","[0, 0, 0]","[445, 561, 11]","[106, 138, 2]","[279, 320, 7]","[0, 0, 0]",41.06537530266344
395,SC Ganguly,"[733, 1064, 18]","[62, 94, 4]","[55, 97, 3]","[0, 0, 0]","[56, 104, 1]","[5, 15, 3]","[68, 110, 1]","[0, 0, 0]",52.91113381001021
396,SC Getkate,"[14, 10, 0]","[0, 0, 0]","[0, 0, 0]","[0, 0, 0]","[3, 7, 0]","[0, 0, 0]","[0, 0, 0]","[0, 0, 0]",58.82352941176471
397,SC Kuggeleijn,"[11, 6, 0]","[0, 0, 0]","[0, 0, 0]","[0, 0, 0]","[0, 0, 0]","[0, 0, 0]","[0, 0, 0]","[0, 0, 0]",36.36363636363637
398,SD Heazlett,"[1, 4, 1]","[0, 0, 0]","[0, 0, 0]","[0, 0, 0]","[0, 0, 0]","[0, 0, 0]","[3, 7, 0]","[0, 0, 0]",0.0
399,SD Hope,"[1465, 2018, 42]","[198, 284, 4]","[494, 499, 12]","[0, 0, 0]","[575, 863, 8]","[441, 651, 10]","[394, 617, 4]","[147, 178, 2]",42.16478190630048
400,SE Marsh,"[1269, 1647, 29]","[26, 76, 3]","[177, 230, 10]","[0, 0, 0]","[273, 343, 8]","[183, 179, 3]","[277, 318, 5]","[59, 64, 2]",43.72791519434629
401,Shafiqullah,"[137, 92, 4]","[5, 7, 2]","[0, 0, 0]","[0, 0, 0]","[40, 29, 2]","[11, 12, 1]","[45, 34, 0]","[0, 0, 0]",68.90756302521008
402,Shaiman Anwar,"[367, 454, 11]","[66, 85, 1]","[19, 35, 0]","[0, 0, 0]","[167, 192, 2]","[136, 153, 5]","[152, 185, 6]","[0, 0, 0]",51.15766262403528
403,Shakib Al Hasan,"[1936, 2201, 39]","[672, 717, 11]","[254, 318, 6]","[26, 42, 1]","[1036, 1451, 32]","[398, 515, 14]","[433, 589, 12]","[14, 17, 1]",40.847137764730554
404,Sharjeel Khan,"[495, 413, 12]","[0, 0, 0]","[64, 87, 3]","[0, 0, 0]","[128, 86, 2]","[43, 40, 2]","[8, 17, 3]","[0, 0, 0]",72.62872628726286
405,Shoaib Khan,"[94, 126, 2]","[17, 35, 2]","[0, 0, 0]","[17, 17, 0]","[42, 39, 1]","[16, 23, 2]","[60, 86, 2]","[0, 0, 0]",37.39837398373984
406,Shoaib Malik,"[1846, 2440, 63]","[338, 412, 9]","[349, 457, 13]","[7, 11, 0]","[676, 788, 20]","[366, 375, 5]","[715, 738, 17]","[55, 69, 0]",42.325367647058826
407,Shubman Gill,"[393, 399, 10]","[95, 92, 2]","[41, 48, 1]","[0, 0, 0]","[49, 48, 0]","[59, 53, 0]","[155, 147, 1]","[0, 0, 0]",54.7979797979798
408,Shuvagata Hom,"[9, 7, 0]","[7, 19, 1]","[0, 0, 0]","[0, 0, 0]","[30, 28, 0]","[0, 0, 0]","[0, 0, 0]","[0, 0, 0]",43.47826086956522
409,SI Kamea,"[0, 10, 2]","[0, 0, 0]","[0, 0, 0]","[0, 0, 0]","[0, 0, 0]","[0, 0, 0]","[3, 10, 2]","[0, 0, 0]",0.0
410,Sikandar Raza,"[1158, 1224, 40]","[278, 267, 9]","[318, 416, 9]","[0, 0, 0]","[675, 824, 16]","[238, 328, 14]","[388, 662, 5]","[23, 31, 1]",46.783625730994146
411,Simi Singh,"[198, 210, 6]","[60, 71, 1]","[10, 18, 3]","[0, 0, 0]","[92, 175, 3]","[64, 125, 7]","[48, 67, 2]","[15, 32, 0]",40.6570841889117
412,SJ Cameron,"[4, 8, 1]","[0, 0, 0]","[0, 0, 0]","[0, 0, 0]","[1, 2, 0]","[0, 0, 0]","[1, 1, 0]","[0, 0, 0]",0.0
413,SK Raina,"[2278, 2356, 69]","[152, 175, 8]","[314, 355, 17]","[0, 0, 0]","[593, 805, 17]","[167, 187, 6]","[272, 291, 3]","[0, 0, 0]",47.61652542372881
414,SM Ervine,"[79, 100, 3]","[9, 8, 0]","[10, 9, 1]","[0, 0, 0]","[33, 44, 1]","[39, 22, 1]","[5, 5, 0]","[0, 0, 0]",49.142857142857146
415,SO Dowrich,"[0, 3, 0]","[0, 0, 0]","[6, 4, 0]","[0, 0, 0]","[0, 0, 0]","[0, 0, 0]","[0, 0, 0]","[0, 0, 0]",66.66666666666666
416,SO Hetmyer,"[490, 461, 14]","[37, 44, 0]","[71, 75, 4]","[0, 0, 0]","[224, 236, 11]","[161, 167, 3]","[222, 200, 3]","[82, 74, 2]",51.126651126651126
417,Sohaib Maqsood,"[303, 424, 14]","[29, 27, 1]","[81, 116, 1]","[0, 0, 0]","[47, 54, 2]","[80, 87, 3]","[35, 45, 0]","[0, 0, 0]",43.130434782608695
418,Soumya Sarkar,"[802, 841, 28]","[109, 93, 2]","[208, 225, 5]","[5, 10, 1]","[247, 314, 7]","[51, 63, 2]","[112, 111, 2]","[2, 6, 0]",59.375
419,SP Fleming,"[730, 1062, 20]","[46, 75, 5]","[181, 290, 8]","[0, 0, 0]","[47, 90, 3]","[34, 44, 0]","[103, 88, 1]","[0, 0, 0]",55.03943908851884
420,SP Patil,"[54, 139, 4]","[0, 0, 0]","[28, 37, 1]","[0, 0, 0]","[8, 25, 2]","[27, 54, 0]","[3, 5, 0]","[0, 0, 0]",30.0
421,SPD Smith,"[2140, 2412, 48]","[148, 191, 4]","[418, 538, 11]","[0, 0, 0]","[465, 577, 7]","[384, 468, 12]","[636, 722, 11]","[132, 160, 3]",39.92597733055748
422,SR Tendulkar,"[2352, 2934, 51]","[145, 176, 3]","[523, 635, 9]","[19, 12, 1]","[371, 377, 8]","[214, 188, 0]","[234, 293, 5]","[0, 0, 0]",55.05443234836703
423,SS Iyer,"[638, 726, 21]","[97, 140, 3]","[100, 105, 2]","[0, 0, 0]","[145, 120, 2]","[76, 81, 2]","[251, 263, 2]","[39, 40, 1]",50.074294205052006
424,SS Pathirana,"[70, 119, 8]","[7, 10, 0]","[46, 72, 0]","[0, 0, 0]","[97, 88, 3]","[87, 80, 2]","[20, 17, 0]","[0, 0, 0]",49.54128440366973
425,SSJ Brooks,"[220, 270, 6]","[59, 64, 1]","[52, 86, 3]","[0, 0, 0]","[60, 78, 1]","[48, 68, 1]","[76, 109, 5]","[0, 0, 0]",47.76699029126213
426,STR Binny,"[77, 95, 6]","[27, 20, 0]","[12, 6, 0]","[0, 0, 0]","[34, 39, 0]","[25, 32, 0]","[13, 21, 0]","[0, 0, 0]",51.06382978723404
427,SV Samson,"[87, 102, 3]","[21, 11, 1]","[18, 20, 0]","[0, 0, 0]","[34, 38, 0]","[6, 4, 0]","[50, 67, 1]","[50, 26, 0]",56.390977443609025
428,SW Ambris,"[248, 261, 5]","[5, 5, 1]","[92, 86, 3]","[0, 0, 0]","[23, 41, 2]","[6, 8, 1]","[25, 25, 0]","[7, 9, 0]",50.73891625615764
429,SW Billings,"[278, 334, 7]","[71, 62, 2]","[68, 84, 2]","[0, 0, 0]","[73, 73, 2]","[73, 79, 3]","[64, 78, 3]","[7, 6, 0]",49.52681388012618
430,SW Poynter,"[35, 62, 4]","[17, 18, 0]","[4, 1, 0]","[0, 0, 0]","[46, 78, 3]","[38, 63, 2]","[7, 7, 1]","[0, 0, 0]",29.931972789115648
431,T Duffin,"[118, 323, 6]","[0, 6, 1]","[39, 55, 0]","[0, 0, 0]","[21, 29, 1]","[0, 0, 0]","[2, 7, 1]","[3, 11, 0]",41.53005464480874
432,T Maruma,"[51, 103, 6]","[2, 6, 1]","[15, 27, 1]","[0, 0, 0]","[35, 37, 3]","[35, 43, 2]","[8, 20, 0]","[0, 0, 0]",45.20547945205479
433,T Taibu,"[743, 1124, 20]","[68, 89, 4]","[148, 175, 4]","[2, 6, 1]","[282, 439, 5]","[121, 155, 3]","[283, 463, 9]","[0, 0, 0]",35.45840922890103
434,Tamim Iqbal,"[3174, 4202, 88]","[603, 749, 15]","[511, 655, 17]","[24, 31, 1]","[1035, 1457, 17]","[349, 403, 6]","[316, 401, 7]","[27, 28, 0]",51.66418281172379
435,Taufeeq Umar,"[75, 162, 2]","[25, 24, 1]","[15, 16, 0]","[0, 0, 0]","[0, 0, 0]","[0, 0, 0]","[0, 0, 0]","[0, 0, 0]",55.65217391304348
436,TD Paine,"[520, 735, 15]","[41, 79, 3]","[76, 139, 2]","[0, 0, 0]","[85, 127, 3]","[62, 90, 4]","[22, 27, 2]","[0, 0, 0]",47.8908188585608
437,TJ Friend,"[51, 83, 3]","[0, 0, 0]","[14, 15, 1]","[0, 0, 0]","[0, 0, 0]","[0, 0, 0]","[20, 20, 0]","[0, 0, 0]",47.05882352941176
438,TK Musakanda,"[64, 83, 2]","[45, 46, 2]","[46, 65, 5]","[0, 0, 0]","[40, 72, 3]","[50, 47, 2]","[17, 25, 0]","[0, 0, 0]",49.61832061068702
439,TL Seifert,"[33, 28, 3]","[0, 0, 0]","[0, 0, 0]","[0, 0, 0]","[0, 0, 0]","[0, 0, 0]","[0, 0, 0]","[0, 0, 0]",42.42424242424242
440,TM Head,"[687, 669, 19]","[51, 47, 1]","[376, 352, 6]","[0, 0, 0]","[181, 243, 4]","[108, 137, 3]","[144, 199, 4]","[22, 28, 1]",51.75270873167622
441,TMK Mawoyo,"[38, 105, 1]","[0, 0, 0]","[11, 36, 2]","[0, 0, 0]","[0, 4, 2]","[0, 0, 0]","[0, 0, 0]","[0, 0, 0]",24.489795918367346
442,TP Ura,"[248, 321, 9]","[19, 23, 1]","[1, 9, 1]","[14, 15, 0]","[91, 87, 4]","[15, 19, 1]","[126, 160, 3]","[0, 0, 0]",58.754863813229576
443,TSS Mackintosh,"[0, 0, 0]","[0, 0, 0]","[0, 0, 0]","[12, 9, 0]","[0, 0, 0]","[8, 17, 1]","[0, 0, 0]","[0, 0, 0]",60.0
444,TT Samaraweera,"[215, 290, 7]","[19, 33, 2]","[41, 45, 2]","[5, 6, 0]","[86, 119, 1]","[30, 45, 2]","[106, 153, 5]","[0, 0, 0]",35.85657370517929
445,Tushar Imran,"[73, 130, 6]","[0, 0, 0]","[6, 13, 0]","[0, 0, 0]","[12, 25, 0]","[0, 0, 0]","[5, 21, 1]","[0, 0, 0]",47.91666666666667
446,TWM Latham,"[1371, 1693, 31]","[103, 156, 4]","[250, 299, 13]","[0, 0, 0]","[518, 670, 14]","[435, 484, 12]","[269, 308, 8]","[97, 86, 2]",42.78672362799868
447,Umar Akmal,"[1263, 1406, 44]","[142, 163, 1]","[191, 255, 10]","[30, 48, 1]","[458, 572, 11]","[117, 162, 3]","[274, 368, 11]","[0, 0, 0]",43.7979797979798
448,Umar Amin,"[101, 153, 7]","[7, 16, 0]","[45, 86, 3]","[1, 3, 0]","[53, 67, 4]","[13, 18, 0]","[32, 29, 0]","[0, 0, 0]",49.2063492063492
449,Usman Ghani,"[110, 149, 3]","[34, 65, 1]","[12, 38, 2]","[16, 9, 0]","[29, 35, 0]","[25, 25, 0]","[7, 22, 2]","[0, 0, 0]",46.3519313304721
450,UT Khawaja,"[505, 625, 13]","[76, 97, 0]","[163, 223, 6]","[0, 0, 0]","[137, 179, 2]","[122, 143, 4]","[255, 294, 5]","[115, 117, 2]",42.97159504734159
451,V Aravind,"[159, 220, 5]","[53, 97, 1]","[0, 0, 0]","[2, 5, 0]","[30, 63, 1]","[10, 12, 0]","[102, 174, 4]","[0, 0, 0]",43.258426966292134
452,V Kohli,"[5211, 5877, 108]","[707, 726, 8]","[1207, 1244, 22]","[11, 5, 0]","[1370, 1582, 19]","[1003, 953, 16]","[904, 1051, 15]","[28, 33, 1]",43.75059860166651
453,V Shankar,"[65, 67, 2]","[31, 36, 1]","[22, 32, 0]","[0, 0, 0]","[35, 50, 1]","[60, 60, 2]","[10, 8, 0]","[0, 0, 0]",46.63677130044843
454,V Sibanda,"[793, 1308, 32]","[87, 105, 6]","[165, 266, 8]","[0, 0, 0]","[150, 237, 7]","[87, 127, 4]","[206, 379, 8]","[4, 6, 1]",51.474530831099194
455,VB van Jaarsveld,"[1, 7, 1]","[0, 0, 0]","[2, 1, 0]","[0, 0, 0]","[0, 0, 0]","[0, 0, 0]","[0, 0, 0]","[0, 0, 0]",0.0
456,VR Iyer,"[12, 18, 1]","[3, 7, 1]","[0, 0, 0]","[0, 0, 0]","[0, 0, 0]","[0, 0, 0]","[5, 8, 0]","[4, 8, 0]",25.0
457,VRV Singh,"[6, 6, 1]","[0, 0, 0]","[0, 0, 0]","[0, 0, 0]","[0, 0, 0]","[0, 0, 0]","[1, 4, 0]","[0, 0, 0]",57.14285714285714
458,W Jaffer,"[10, 23, 2]","[0, 0, 0]","[0, 0, 0]","[0, 0, 0]","[0, 0, 0]","[0, 0, 0]","[0, 0, 0]","[0, 0, 0]",80.0
459,W Madhevere,"[103, 173, 7]","[12, 27, 2]","[73, 111, 4]","[0, 0, 0]","[137, 147, 4]","[39, 50, 2]","[68, 76, 1]","[0, 0, 0]",41.2037037037037
460,Waheed Ahmed,"[18, 28, 0]","[4, 8, 1]","[0, 0, 0]","[0, 0, 0]","[2, 8, 1]","[0, 0, 0]","[9, 28, 2]","[0, 0, 0]",60.60606060606061
461,Washington Sundar,"[123, 112, 3]","[20, 29, 0]","[15, 19, 0]","[0, 0, 0]","[18, 28, 0]","[0, 0, 0]","[42, 58, 4]","[0, 0, 0]",47.706422018348626
462,WIA Fernando,"[487, 559, 16]","[66, 52, 0]","[107, 129, 7]","[0, 0, 0]","[74, 75, 1]","[22, 34, 2]","[94, 136, 1]","[25, 31, 1]",50.97142857142857
463,WTS Porterfield,"[978, 1677, 49]","[156, 266, 7]","[184, 267, 5]","[14, 21, 0]","[397, 678, 18]","[282, 294, 6]","[279, 342, 5]","[11, 16, 1]",47.109952194697954
464,WU Tharanga,"[2401, 3407, 73]","[387, 501, 8]","[697, 907, 27]","[67, 69, 3]","[724, 1096, 23]","[359, 397, 7]","[400, 520, 6]","[36, 34, 1]",51.50857818970618
465,WW Hinds,"[163, 323, 11]","[159, 171, 4]","[21, 52, 2]","[17, 26, 1]","[46, 87, 3]","[13, 30, 0]","[76, 86, 1]","[0, 0, 0]",40.4040404040404
466,XM Marshall,"[20, 49, 4]","[2, 12, 0]","[25, 35, 1]","[0, 0, 0]","[0, 3, 1]","[2, 12, 1]","[11, 23, 0]","[0, 0, 0]",20.0
467,Yasir Hameed,"[498, 781, 16]","[59, 80, 2]","[84, 158, 1]","[0, 0, 0]","[46, 80, 2]","[0, 0, 0]","[108, 190, 6]","[30, 50, 1]",41.21212121212121
468,YK Pathan,"[270, 260, 14]","[35, 34, 1]","[62, 50, 3]","[0, 0, 0]","[101, 90, 2]","[20, 25, 1]","[96, 87, 1]","[0, 0, 0]",62.328767123287676
469,Younis Khan,"[1537, 2425, 79]","[307, 331, 2]","[225, 367, 9]","[22, 28, 0]","[623, 669, 13]","[164, 166, 0]","[433, 598, 18]","[0, 0, 0]",36.665659921473875
470,Yuvraj Singh,"[2062, 2360, 57]","[431, 530, 9]","[236, 425, 17]","[28, 36, 1]","[740, 886, 8]","[171, 187, 4]","[371, 432, 10]","[10, 10, 1]",54.0380340824895
471,Z Crawley,"[49, 41, 1]","[0, 0, 0]","[21, 21, 1]","[0, 0, 0]","[0, 0, 0]","[10, 7, 0]","[2, 2, 0]","[0, 0, 0]",58.536585365853654
472,Zubayr Hamza,"[22, 22, 1]","[4, 15, 0]","[0, 0, 0]","[0, 0, 0]","[0, 0, 0]","[0, 0, 0]","[5, 9, 0]","[0, 0, 0]",45.16129032258064
